{"sections":{"cbffe5dc-c804-4d13-8bbf-04db3093d532":{"type":"rich-text","blocks":{"template--14877731389514__cbffe5dc-c804-4d13-8bbf-04db3093d532-heading-1":{"type":"heading","settings":{"title":"Dive into our Blog!"}},"template--14877731389514__cbffe5dc-c804-4d13-8bbf-04db3093d532-text-1":{"type":"text","settings":{"enlarge_text":false,"text":"<p>Discover more about trends and what makes our products unique with our regularly posted blogs! Filled with fun ideas for every holidays and more.<\/p>"}}},"block_order":["template--14877731389514__cbffe5dc-c804-4d13-8bbf-04db3093d532-heading-1","template--14877731389514__cbffe5dc-c804-4d13-8bbf-04db3093d532-text-1"],"settings":{"align_text":"center","narrow_column":true,"divider":true}},"d25b6f8d-654e-4087-9c40-95506cca7af8":{"type":"text-and-image","disabled":true,"settings":{"image":"shopify:\/\/shop_images\/DSC_1928_acccd4bd-4707-4d4e-88bd-98b3604b9d1b.jpg","image_mask":"rounded","image2":"shopify:\/\/shop_images\/DSC_6851.jpg","image2_mask":"portrait","subtitle":"","title":"Our Featured Story","text":"<h6>Unleash the Magic with Kids Halloween Pajamas! <\/h6>","button_label":"Read More Here","button_link":"https:\/\/www.leveret.com\/blogs\/news\/unleash-the-magic-with-kids-halloween-pajamas","button_style":"primary","align_text":"left","image_width":"50","layout":"right","divider":false,"top_padding":false,"bottom_padding":false,"lazyload_images":true}},"main":{"type":"blog-template","settings":{"blog_show_tag_filter":false,"blog_show_rss":false,"blog_show_tags":false,"blog_show_date":false,"blog_show_comments":false,"blog_show_author":false,"blog_show_excerpt":false,"blog_image_size":"portrait"}}},"order":["cbffe5dc-c804-4d13-8bbf-04db3093d532","d25b6f8d-654e-4087-9c40-95506cca7af8","main"]}