{"sections":{"promo-grid":{"type":"promo-grid","blocks":{"banner":{"type":"banner","disabled":true,"settings":{"heading":"Banner promotion","text":"Add the details of your promotion in smaller text","link":"","label":"Shop now","color_tint":"#e95454","color_tint_opacity":8,"framed":false}},"advanced":{"type":"advanced","settings":{"subheading":"Explore our","heading":"Halloween Styles","textarea":"Get in the spooky mood with these Halloween Cotton Pajamas, perfect for staying warm and providing all the fun scares!","cta_text1":"Shop our bundlers","cta_link1":"","cta_text2":"","cta_link2":"","image":"shopify:\/\/shop_images\/LVT_7210.jpg","video_url":"","width":"100","height":300,"text_size":120,"text_align":"vertical-center horizontal-center","color_accent":"rgba(0,0,0,0)","boxed":false,"framed":false}}},"block_order":["banner","advanced"],"settings":{"full_width":false,"gutter_size":20,"space_above":true,"space_below":false,"lazyload_images":true}},"09e1a3df-c220-41dc-903f-eced28697104":{"type":"featured-product","blocks":{"template--14909817913418__09e1a3df-c220-41dc-903f-eced28697104-price-1":{"type":"price","disabled":true,"settings":{}},"template--14909817913418__09e1a3df-c220-41dc-903f-eced28697104-description-1":{"type":"description","settings":{"is_tab":false}},"template--14909817913418__09e1a3df-c220-41dc-903f-eced28697104-variant_picker-1":{"type":"variant_picker","disabled":true,"settings":{"variant_labels":true,"picker_type":"button","product_dynamic_variants_enable":true,"color_swatches":false}},"template--14909817913418__09e1a3df-c220-41dc-903f-eced28697104-buy_buttons-1":{"type":"buy_buttons","disabled":true,"settings":{"show_dynamic_checkout":true,"surface_pickup_enable":true}}},"block_order":["template--14909817913418__09e1a3df-c220-41dc-903f-eced28697104-price-1","template--14909817913418__09e1a3df-c220-41dc-903f-eced28697104-description-1","template--14909817913418__09e1a3df-c220-41dc-903f-eced28697104-variant_picker-1","template--14909817913418__09e1a3df-c220-41dc-903f-eced28697104-buy_buttons-1"],"settings":{"featured_product":"blackwhiteskeleton-matching-family-pajama-set","divider":false,"sku_enable":false,"image_position":"left","image_size":"medium","product_zoom_enable":true,"thumbnail_position":"beside","thumbnail_arrows":false,"mobile_layout":"partial","enable_video_looping":true,"product_video_style":"muted"}},"featured-collection2":{"type":"featured-collection","settings":{"title":"Alien Print Collection","home_featured_products":"matching-alien","per_row":4,"rows":1,"mobile_scrollable":true,"view_all":true,"divider":false}},"c2d27296-10b8-4a56-ab8a-2c0e7d34d9e1":{"type":"featured-product","blocks":{"3e898947-5758-4cf2-8348-85848f819107":{"type":"price","disabled":true,"settings":{}},"9b1544a5-49d2-4fa3-80f4-77d2a77e8815":{"type":"description","settings":{"is_tab":false}},"0ef73a5d-169a-4bce-9b88-1f7a2df10bb9":{"type":"variant_picker","disabled":true,"settings":{"variant_labels":true,"picker_type":"button","product_dynamic_variants_enable":true,"color_swatches":false}},"2b17e5e6-0325-4e2e-8b90-2dda657687aa":{"type":"buy_buttons","disabled":true,"settings":{"show_dynamic_checkout":true,"surface_pickup_enable":true}}},"block_order":["3e898947-5758-4cf2-8348-85848f819107","9b1544a5-49d2-4fa3-80f4-77d2a77e8815","0ef73a5d-169a-4bce-9b88-1f7a2df10bb9","2b17e5e6-0325-4e2e-8b90-2dda657687aa"],"settings":{"featured_product":"bluehotpinkskull-matching-family-pajama-set","divider":false,"sku_enable":false,"image_position":"left","image_size":"medium","product_zoom_enable":true,"thumbnail_position":"beside","thumbnail_arrows":false,"mobile_layout":"partial","enable_video_looping":true,"product_video_style":"muted"}},"featured-collection":{"type":"featured-collection","disabled":true,"settings":{"title":"Mix Tie Dye Collection","home_featured_products":"mix-tie-dye-collection","per_row":4,"rows":1,"mobile_scrollable":true,"view_all":true,"divider":false}},"87b34b45-a2e8-4950-bb55-c334bee466ca":{"type":"rich-text","blocks":{"template--14909817913418__87b34b45-a2e8-4950-bb55-c334bee466ca-text-1":{"type":"text","settings":{"enlarge_text":true,"text":"<p>And for every day inbetween...<\/p>"}},"template--14909817913418__87b34b45-a2e8-4950-bb55-c334bee466ca-heading-1":{"type":"heading","settings":{"title":"Check out our Halloween Photobooth Favorites!"}}},"block_order":["template--14909817913418__87b34b45-a2e8-4950-bb55-c334bee466ca-text-1","template--14909817913418__87b34b45-a2e8-4950-bb55-c334bee466ca-heading-1"],"settings":{"align_text":"center","narrow_column":true,"divider":false}},"promo-grid2":{"type":"promo-grid","blocks":{"simple":{"type":"simple","disabled":true,"settings":{"link":"","text":"","image":"shopify:\/\/shop_images\/LVT_7210.jpg","width":"50","height":300,"color_tint":"#000000","color_tint_opacity":8,"framed":false}},"advanced":{"type":"advanced","settings":{"subheading":"","heading":"Girl & Doll Matching Pajamas","textarea":"","cta_text1":"Shop This","cta_link1":"shopify:\/\/products\/girlanddoll-matchingfamily-unicornblack-animalprint-pajamas","cta_text2":"","cta_link2":"","image":"shopify:\/\/shop_images\/LVT_7255.jpg","video_url":"","width":"50","height":800,"text_size":120,"text_align":"vertical-center horizontal-center","color_accent":"rgba(0,0,0,0)","boxed":false,"framed":false}},"27abfb56-dd26-468b-b765-bc1089332257":{"type":"advanced","settings":{"subheading":"","heading":"Rocket Ship Pajamas","textarea":"","cta_text1":"Shop This","cta_link1":"shopify:\/\/products\/kids-cotton-pajamas-moon-stars","cta_text2":"","cta_link2":"","image":"shopify:\/\/shop_images\/LVT_7245_fcb5ba96-cf82-444b-ae2b-acdfefed703b.jpg","video_url":"","width":"50","height":800,"text_size":120,"text_align":"vertical-center horizontal-center","color_accent":"rgba(0,0,0,0)","boxed":false,"framed":false}}},"block_order":["simple","advanced","27abfb56-dd26-468b-b765-bc1089332257"],"settings":{"full_width":false,"gutter_size":20,"space_above":false,"space_below":false,"lazyload_images":true}},"featured-collection3":{"type":"featured-collection","disabled":true,"settings":{"title":"Ombre Tie Dye Collection","home_featured_products":"ombre-tie-dye-collection","per_row":4,"rows":1,"mobile_scrollable":true,"view_all":true,"divider":false}},"featured-collections":{"type":"featured-collections","blocks":{"collection1":{"type":"collection","settings":{"collection":"matching-family-holiday-solid-color-pajamas","title":"","focal_point":"center center"}},"collection2":{"type":"collection","settings":{"collection":"matching-family-panda-prints-pajamas","title":"","focal_point":"center center"}},"collection3":{"type":"collection","settings":{"collection":"matching-family-unicorn-pajamas","title":"","focal_point":"center center"}},"collection4":{"type":"collection","settings":{"collection":"dog-christmas","title":"","focal_point":"center center"}}},"block_order":["collection1","collection2","collection3","collection4"],"settings":{"title":"You may also like","layout":"button_with_image","divider":false,"per_row":4,"enable_gutter":true}},"main-collection":{"type":"main-collection","blocks":{"collection_description":{"type":"collection_description","settings":{}},"subcollections":{"type":"subcollections","settings":{"subcollections_per_row":5}},"product_grid":{"type":"product_grid","settings":{"enable_collection_count":true,"per_row":4,"rows_per_page":7,"mobile_flush_grid":false}}},"block_order":["collection_description","subcollections","product_grid"],"disabled":true,"settings":{"enable_sidebar":true,"collapsed":true,"filter_style":"sidebar","enable_color_swatches":false,"enable_sort":true,"split_by_color":false,"enable_products_quantity":false}}},"order":["promo-grid","09e1a3df-c220-41dc-903f-eced28697104","featured-collection2","c2d27296-10b8-4a56-ab8a-2c0e7d34d9e1","featured-collection","87b34b45-a2e8-4950-bb55-c334bee466ca","promo-grid2","featured-collection3","featured-collections","main-collection"]}