{"sections":{"advanced_content_MwKAgX":{"type":"advanced-content","blocks":{"image_aNEJxA":{"type":"image","settings":{"image":"shopify:\/\/shop_images\/Copy_of_bundler_banner_2880_x_1220_px_2000_x_360_px.png","link":"","width":"100%","alignment":"center"}}},"block_order":["image_aNEJxA"],"settings":{"full_width":true,"space_around":false,"lazyload_images":true}},"countdown_RWAbFP":{"type":"countdown","blocks":{"content_BQ4tab":{"type":"content","settings":{"heading":"Limited-Time Offer","heading_size":"h2","text":"<p>Save 50% on your purchase of two or more items from our Flash Sale collection<\/p>","content_alignment":"left"}},"timer_VXiAjN":{"type":"timer","settings":{"year":"2025","month":"03","day":"1","hour":"03","minute":"00","hide_timer":false,"text":""}},"button_Bde6n4":{"type":"button","settings":{"button_link":"","button":"Shop FLASH SALE","button_style":"solid"}}},"block_order":["content_BQ4tab","timer_VXiAjN","button_Bde6n4"],"settings":{"layout":"banner","full_width":true,"text_color":"#000","background_color":"#ffffff","overlay_color":"#000","overlay_opacity":0,"lazyload_images":true}},"featured-collection2":{"type":"featured-collection","settings":{"title":"SHOP BABY FOOTED TIE DYE","home_featured_products":"cotton-baby-pajamas","per_row":4,"rows":3,"mobile_scrollable":true,"view_all":false,"divider":false}},"09e1a3df-c220-41dc-903f-eced28697104":{"type":"featured-product","blocks":{"template--14909817913418__09e1a3df-c220-41dc-903f-eced28697104-price-1":{"type":"price","settings":{}},"template--14909817913418__09e1a3df-c220-41dc-903f-eced28697104-description-1":{"type":"description","settings":{"is_tab":false}},"template--14909817913418__09e1a3df-c220-41dc-903f-eced28697104-variant_picker-1":{"type":"variant_picker","settings":{"variant_labels":true,"picker_type":"button","product_dynamic_variants_enable":true,"color_swatches":false}},"template--14909817913418__09e1a3df-c220-41dc-903f-eced28697104-buy_buttons-1":{"type":"buy_buttons","settings":{"show_dynamic_checkout":true,"surface_pickup_enable":true}}},"block_order":["template--14909817913418__09e1a3df-c220-41dc-903f-eced28697104-price-1","template--14909817913418__09e1a3df-c220-41dc-903f-eced28697104-description-1","template--14909817913418__09e1a3df-c220-41dc-903f-eced28697104-variant_picker-1","template--14909817913418__09e1a3df-c220-41dc-903f-eced28697104-buy_buttons-1"],"settings":{"featured_product":"kids-footed-swirl-tiedye-cotton-pajamas","divider":false,"sku_enable":false,"image_position":"left","image_size":"medium","product_zoom_enable":true,"thumbnail_position":"beside","thumbnail_arrows":false,"mobile_layout":"partial","enable_video_looping":true,"product_video_style":"muted"}},"main-collection":{"type":"main-collection","blocks":{"collection_description":{"type":"collection_description","settings":{}},"subcollections":{"type":"subcollections","settings":{"subcollections_per_row":5}},"product_grid":{"type":"product_grid","settings":{"enable_collection_count":true,"per_row":4,"rows_per_page":7,"mobile_flush_grid":false}}},"block_order":["collection_description","subcollections","product_grid"],"disabled":true,"settings":{"enable_sidebar":false,"collapsed":true,"filter_style":"sidebar","enable_color_swatches":false,"enable_sort":true,"split_by_color":false,"enable_products_quantity":false}},"c7890dd4-ba07-44aa-8904-954ac071bea4":{"type":"text-columns","blocks":{"template--14916103667786__c7890dd4-ba07-44aa-8904-954ac071bea4-text_block-1":{"type":"text_block","settings":{"enable_image":true,"image":"shopify:\/\/shop_images\/DSC_1436.jpg","image_mask":"none","image_width":650,"title":"Example title","text":"<p>Use this section to explain a set of product features, to link to a series of pages, or to answer common questions about your products. Add images for emphasis.<\/p>","button_label":"Optional button","button_link":""}},"template--14916103667786__c7890dd4-ba07-44aa-8904-954ac071bea4-text_block-2":{"type":"text_block","settings":{"enable_image":true,"image":"shopify:\/\/shop_images\/DSC_9418.jpg","image_mask":"none","image_width":650,"title":"Example title","text":"<p>Use this section to explain a set of product features, to link to a series of pages, or to answer common questions about your products. Add images for emphasis.<\/p>","button_label":"Optional button","button_link":""}},"template--14916103667786__c7890dd4-ba07-44aa-8904-954ac071bea4-text_block-3":{"type":"text_block","settings":{"enable_image":true,"image":"shopify:\/\/shop_images\/DSC_1776.jpg","image_mask":"none","image_width":650,"title":"Example title","text":"<p>Use this section to explain a set of product features, to link to a series of pages, or to answer common questions about your products. Add images for emphasis.<\/p>","button_label":"Optional button","button_link":""}}},"block_order":["template--14916103667786__c7890dd4-ba07-44aa-8904-954ac071bea4-text_block-1","template--14916103667786__c7890dd4-ba07-44aa-8904-954ac071bea4-text_block-2","template--14916103667786__c7890dd4-ba07-44aa-8904-954ac071bea4-text_block-3"],"settings":{"title":"","align_text":"center","manual_blocks_per_row":false,"blocks_per_row_desktop":6,"min_block_width_desktop":120,"blocks_per_row_mobile":4,"min_block_width_mobile":120,"divider":false}},"87b34b45-a2e8-4950-bb55-c334bee466ca":{"type":"rich-text","blocks":{"template--14909817913418__87b34b45-a2e8-4950-bb55-c334bee466ca-text-1":{"type":"text","settings":{"enlarge_text":true,"text":"<p>And for every day inbetween...<\/p>"}},"template--14909817913418__87b34b45-a2e8-4950-bb55-c334bee466ca-heading-1":{"type":"heading","settings":{"title":"Check out our Halloween Photobooth Favorites!"}}},"block_order":["template--14909817913418__87b34b45-a2e8-4950-bb55-c334bee466ca-text-1","template--14909817913418__87b34b45-a2e8-4950-bb55-c334bee466ca-heading-1"],"settings":{"align_text":"center","narrow_column":true,"divider":false}},"promo-grid2":{"type":"promo-grid","blocks":{"simple":{"type":"simple","disabled":true,"settings":{"link":"","text":"","image":"shopify:\/\/shop_images\/LVT_7210.jpg","width":"50","height":300,"color_tint":"#000000","color_tint_opacity":8,"framed":false}},"advanced":{"type":"advanced","settings":{"subheading":"","heading":"Girl & Doll Matching Pajamas","textarea":"","cta_text1":"Shop This","cta_link1":"shopify:\/\/products\/girlanddoll-matchingfamily-unicornblack-animalprint-pajamas","cta_text2":"","cta_link2":"","image":"shopify:\/\/shop_images\/DSC_1176_266ff985-986e-4550-97e0-e511d5fd05d2.jpg","video_url":"","width":"50","height":800,"text_size":120,"text_align":"vertical-center horizontal-center","color_accent":"rgba(0,0,0,0)","boxed":false,"framed":false}},"27abfb56-dd26-468b-b765-bc1089332257":{"type":"advanced","settings":{"subheading":"","heading":"Rocket Ship Pajamas","textarea":"","cta_text1":"Shop This","cta_link1":"shopify:\/\/products\/kids-cotton-pajamas-moon-stars","cta_text2":"","cta_link2":"","image":"shopify:\/\/shop_images\/LVT_7245_fcb5ba96-cf82-444b-ae2b-acdfefed703b.jpg","video_url":"","width":"50","height":800,"text_size":120,"text_align":"vertical-center horizontal-center","color_accent":"rgba(0,0,0,0)","boxed":false,"framed":false}}},"block_order":["simple","advanced","27abfb56-dd26-468b-b765-bc1089332257"],"disabled":true,"settings":{"full_width":false,"gutter_size":20,"space_above":false,"space_below":false,"lazyload_images":true}},"featured-collection3":{"type":"featured-collection","disabled":true,"settings":{"title":"Ombre Tie Dye Collection","home_featured_products":"ombre-tie-dye-collection","per_row":4,"rows":1,"mobile_scrollable":true,"view_all":true,"divider":false}},"featured-collections":{"type":"featured-collections","blocks":{"collection1":{"type":"collection","settings":{"collection":"matching-family-holiday-solid-color-pajamas","title":"","focal_point":"center center"}},"collection2":{"type":"collection","settings":{"collection":"matching-family-panda-prints-pajamas","title":"","focal_point":"center center"}},"collection3":{"type":"collection","settings":{"collection":"matching-family-unicorn-pajamas","title":"","focal_point":"center center"}},"collection4":{"type":"collection","settings":{"collection":"dog-christmas","title":"","focal_point":"center center"}}},"block_order":["collection1","collection2","collection3","collection4"],"settings":{"title":"You may also like","layout":"button_with_image","divider":false,"per_row":4,"enable_gutter":true}}},"order":["advanced_content_MwKAgX","countdown_RWAbFP","featured-collection2","09e1a3df-c220-41dc-903f-eced28697104","main-collection","c7890dd4-ba07-44aa-8904-954ac071bea4","87b34b45-a2e8-4950-bb55-c334bee466ca","promo-grid2","featured-collection3","featured-collections"]}