{"sections":{"collection-header":{"type":"collection-header","settings":{"enable":true,"collection_image_enable":true,"parallax":false,"parallax_direction":"top"}},"main-collection":{"type":"main-collection","blocks":{"product_grid":{"type":"product_grid","settings":{"enable_collection_count":false,"per_row":3,"rows_per_page":10,"mobile_flush_grid":true}},"collection_description":{"type":"collection_description","settings":{}}},"block_order":["product_grid","collection_description"],"custom_css":[".grid-product__price {display: none;}"],"settings":{"enable_sidebar":true,"collapsed":true,"filter_style":"sidebar","enable_color_swatches":true,"enable_sort":true,"split_by_color":true,"enable_products_quantity":false}}},"order":["collection-header","main-collection"]}