{"sections":{"promo-grid":{"type":"promo-grid","blocks":{"banner":{"type":"banner","disabled":true,"settings":{"heading":"Banner promotion","text":"Add the details of your promotion in smaller text","link":"","label":"Shop now","color_tint":"#e95454","color_tint_opacity":8,"framed":false}},"advanced":{"type":"advanced","settings":{"subheading":"Explore our","heading":"Tie Dye Collection","textarea":"Every adults and child’s pajamas are also specially hand-dyed, which is sure to stand out from any other pair of sleepwear","cta_text1":"Shop our bundlers","cta_link1":"shopify:\/\/collections\/tie-dye-matching-family-sets","cta_text2":"","cta_link2":"","image":"shopify:\/\/shop_images\/DSC_8481.jpg","video_url":"","width":"100","height":500,"text_size":120,"text_align":"vertical-center horizontal-center","color_accent":"rgba(0,0,0,0)","boxed":false,"framed":false}}},"block_order":["banner","advanced"],"settings":{"full_width":false,"gutter_size":20,"space_above":true,"space_below":false,"lazyload_images":true}},"featured-collection":{"type":"featured-collection","settings":{"title":"Mix Tie Dye Collection","home_featured_products":"mix-tie-dye-collection","per_row":4,"rows":1,"mobile_scrollable":true,"view_all":true,"divider":false}},"featured-collection2":{"type":"featured-collection","settings":{"title":"Swirl Tie Dye Collection","home_featured_products":"swirl-tie-dye-collection","per_row":4,"rows":1,"mobile_scrollable":true,"view_all":true,"divider":false}},"promo-grid2":{"type":"promo-grid","blocks":{"simple":{"type":"simple","settings":{"link":"","text":"","width":"50","height":300,"color_tint":"#000000","color_tint_opacity":8,"framed":false}},"advanced":{"type":"advanced","settings":{"subheading":"Limited time","heading":"Announce your promotion","textarea":"Include the smaller details of your promotion in text below the title.","cta_text1":"Shop This","cta_link1":"","cta_text2":"Shop All","cta_link2":"","video_url":"","width":"50","height":500,"text_size":120,"text_align":"vertical-center horizontal-center","color_accent":"rgba(0,0,0,0)","boxed":false,"framed":false}}},"block_order":["simple","advanced"],"disabled":true,"settings":{"full_width":false,"gutter_size":20,"space_above":false,"space_below":false,"lazyload_images":true}},"featured-collection3":{"type":"featured-collection","settings":{"title":"Ombre Tie Dye Collection","home_featured_products":"ombre-tie-dye-collection","per_row":4,"rows":1,"mobile_scrollable":true,"view_all":true,"divider":false}},"featured-collections":{"type":"featured-collections","blocks":{"collection1":{"type":"collection","settings":{"collection":"matching-family-holiday-solid-color-pajamas","title":"","focal_point":"center center"}},"collection2":{"type":"collection","settings":{"collection":"matching-family-panda-prints-pajamas","title":"","focal_point":"center center"}},"collection3":{"type":"collection","settings":{"collection":"matching-family-unicorn-pajamas","title":"","focal_point":"center center"}},"collection4":{"type":"collection","settings":{"collection":"dog-christmas","title":"","focal_point":"center center"}}},"block_order":["collection1","collection2","collection3","collection4"],"settings":{"title":"You may also like","layout":"button_with_image","divider":false,"per_row":4,"enable_gutter":true}},"main-collection":{"type":"main-collection","blocks":{"collection_description":{"type":"collection_description","settings":{}},"subcollections":{"type":"subcollections","settings":{"subcollections_per_row":5}},"product_grid":{"type":"product_grid","settings":{"enable_collection_count":true,"per_row":4,"rows_per_page":7,"mobile_flush_grid":false}}},"block_order":["collection_description","subcollections","product_grid"],"disabled":true,"settings":{"enable_sidebar":true,"collapsed":true,"filter_style":"sidebar","enable_color_swatches":false,"enable_sort":true,"split_by_color":false,"enable_products_quantity":false}}},"order":["promo-grid","featured-collection","featured-collection2","promo-grid2","featured-collection3","featured-collections","main-collection"]}