{"sections":{"78cd0f10-de28-482a-bcb3-c1fb1c2e0ffd":{"type":"countdown","blocks":{"template--14917047746634__78cd0f10-de28-482a-bcb3-c1fb1c2e0ffd-content-1":{"type":"content","settings":{"heading":"Shipping Countdown","heading_size":"h2","text":"<p><strong>Order before the clock runs out to receive your purchase with Express Shipping before Dec 25th.<\/strong><\/p>","content_alignment":"left"}},"template--14917047746634__78cd0f10-de28-482a-bcb3-c1fb1c2e0ffd-timer-1":{"type":"timer","settings":{"year":"2023","month":"12","day":"20","hour":"16","minute":"00","hide_timer":false,"text":""}},"template--14917047746634__78cd0f10-de28-482a-bcb3-c1fb1c2e0ffd-button-1":{"type":"button","settings":{"button_link":"shopify:\/\/collections\/all-excluding-clearance","button":"Shop Now","button_style":"solid"}}},"block_order":["template--14917047746634__78cd0f10-de28-482a-bcb3-c1fb1c2e0ffd-content-1","template--14917047746634__78cd0f10-de28-482a-bcb3-c1fb1c2e0ffd-timer-1","template--14917047746634__78cd0f10-de28-482a-bcb3-c1fb1c2e0ffd-button-1"],"disabled":true,"settings":{"layout":"banner","full_width":false,"text_color":"#000000","background_color":"#ffffff","background_image":"shopify:\/\/shop_images\/christmas_banner_2880_x_1220_px_7.jpg","overlay_color":"#000000","overlay_opacity":0,"mobile_image":"shopify:\/\/shop_images\/christmas_banner_700_x_1400_px_4.jpg","lazyload_images":true}},"promo-grid":{"type":"promo-grid","blocks":{"banner":{"type":"banner","disabled":true,"settings":{"heading":"Banner promotion","text":"Add the details of your promotion in smaller text","link":"","label":"Shop now","color_tint":"#e95454","color_tint_opacity":8,"framed":false}},"advanced":{"type":"advanced","settings":{"subheading":"Explore our","heading":"Christmas Collection","textarea":"For a picture perfect cuddly holiday get a matching pair of pajamas for the whole family in our wide range of patterns and styles","cta_text1":"Shop our bundlers","cta_link1":"shopify:\/\/collections\/christmas-collection","cta_text2":"","cta_link2":"","image":"shopify:\/\/shop_images\/DSC_2618.jpg","video_url":"","width":"100","height":500,"text_size":120,"text_align":"vertical-center horizontal-center","color_accent":"rgba(0,0,0,0)","boxed":false,"framed":false}}},"block_order":["banner","advanced"],"settings":{"full_width":false,"gutter_size":20,"space_above":true,"space_below":false,"lazyload_images":true}},"97385233-166e-449e-8dc7-f0ae880fc32f":{"type":"text-columns","blocks":{"template--14917047746634__97385233-166e-449e-8dc7-f0ae880fc32f-text_block-1":{"type":"text_block","settings":{"enable_image":true,"image":"shopify:\/\/shop_images\/LVT_8136crop_b638a101-b1e9-431f-a5a0-dca46dab8abb.jpg","image_mask":"none","image_width":650,"title":"","text":"","button_label":"Shop Classic Stripes","button_link":"shopify:\/\/collections\/stripes"}},"template--14917047746634__97385233-166e-449e-8dc7-f0ae880fc32f-text_block-2":{"type":"text_block","settings":{"enable_image":true,"image":"shopify:\/\/shop_images\/LVT_8358.jpg","image_mask":"none","image_width":650,"title":"","text":"","button_label":"Shop timeless prints","button_link":"shopify:\/\/collections\/prints"}},"template--14917047746634__97385233-166e-449e-8dc7-f0ae880fc32f-text_block-3":{"type":"text_block","settings":{"enable_image":true,"image":"shopify:\/\/shop_images\/LVT_7834_db40b1b5-7fad-4cd2-9073-06e9203e9d16.jpg","image_mask":"none","image_width":650,"title":"","text":"","button_label":"Shop Evergreen Animal prints","button_link":"shopify:\/\/collections\/animal-prints"}}},"block_order":["template--14917047746634__97385233-166e-449e-8dc7-f0ae880fc32f-text_block-1","template--14917047746634__97385233-166e-449e-8dc7-f0ae880fc32f-text_block-2","template--14917047746634__97385233-166e-449e-8dc7-f0ae880fc32f-text_block-3"],"settings":{"title":"","align_text":"center","manual_blocks_per_row":false,"blocks_per_row_desktop":6,"min_block_width_desktop":120,"blocks_per_row_mobile":4,"min_block_width_mobile":120,"divider":false}},"featured-collection":{"type":"featured-collection","settings":{"title":"Plaid Collection","home_featured_products":"matching-family-plaid-pajamas","per_row":4,"rows":1,"mobile_scrollable":true,"view_all":true,"divider":false}},"6a882ddf-6829-4d4b-a0a6-3c7457ccb304":{"type":"rich-text","blocks":{"template--14917047746634__6a882ddf-6829-4d4b-a0a6-3c7457ccb304-heading-1":{"type":"heading","settings":{"title":"Explore our Favorite Evergreen Prints"}},"template--14917047746634__6a882ddf-6829-4d4b-a0a6-3c7457ccb304-text-1":{"type":"text","settings":{"enlarge_text":false,"text":"<p>From soft flannels to our 100% cotton classic material to our plush fleece,  pick your favorite part of the winter season and find the perfect pattern for you. Some of our favorites are the Polar Bear Flannel sets and  Red & Black Buffalo Plaid.<\/p>"}}},"block_order":["template--14917047746634__6a882ddf-6829-4d4b-a0a6-3c7457ccb304-heading-1","template--14917047746634__6a882ddf-6829-4d4b-a0a6-3c7457ccb304-text-1"],"settings":{"align_text":"center","narrow_column":true,"divider":false}},"8d97bb53-dc1f-4527-ac60-aa680ed07eee":{"type":"featured-product","blocks":{"template--14917047746634__8d97bb53-dc1f-4527-ac60-aa680ed07eee-price-1":{"type":"price","disabled":true,"settings":{}},"template--14917047746634__8d97bb53-dc1f-4527-ac60-aa680ed07eee-description-1":{"type":"description","settings":{"is_tab":false}},"template--14917047746634__8d97bb53-dc1f-4527-ac60-aa680ed07eee-variant_picker-1":{"type":"variant_picker","settings":{"variant_labels":true,"picker_type":"button","product_dynamic_variants_enable":true,"color_swatches":false}},"template--14917047746634__8d97bb53-dc1f-4527-ac60-aa680ed07eee-buy_buttons-1":{"type":"buy_buttons","disabled":true,"settings":{"show_dynamic_checkout":true,"surface_pickup_enable":true}}},"block_order":["template--14917047746634__8d97bb53-dc1f-4527-ac60-aa680ed07eee-price-1","template--14917047746634__8d97bb53-dc1f-4527-ac60-aa680ed07eee-description-1","template--14917047746634__8d97bb53-dc1f-4527-ac60-aa680ed07eee-variant_picker-1","template--14917047746634__8d97bb53-dc1f-4527-ac60-aa680ed07eee-buy_buttons-1"],"settings":{"featured_product":"polar-bear-matching-family-pajama-set","divider":false,"sku_enable":false,"image_position":"left","image_size":"medium","product_zoom_enable":true,"thumbnail_position":"beside","thumbnail_arrows":false,"mobile_layout":"partial","enable_video_looping":true,"product_video_style":"muted"}},"873ce267-58c5-4328-8c4b-369f31cc7472":{"type":"featured-collection","settings":{"title":"Penguin Collection","home_featured_products":"matching-family-penguins-prints-pajamas","per_row":4,"rows":1,"mobile_scrollable":true,"view_all":true,"divider":false}},"7a3b104f-fa3f-4d55-85ff-372bfada14a6":{"type":"featured-product","blocks":{"fa8b1c75-1336-4c36-a4d7-2ea11e0946b4":{"type":"price","disabled":true,"settings":{}},"be40c5dd-7cb1-4e58-a750-89459955e1a0":{"type":"description","settings":{"is_tab":false}},"3d6f370e-ebe3-4384-b845-33c658bd599c":{"type":"variant_picker","settings":{"variant_labels":true,"picker_type":"button","product_dynamic_variants_enable":true,"color_swatches":false}},"44ca3114-87c4-45fc-b405-85eca5bfcdab":{"type":"buy_buttons","disabled":true,"settings":{"show_dynamic_checkout":true,"surface_pickup_enable":true}}},"block_order":["fa8b1c75-1336-4c36-a4d7-2ea11e0946b4","be40c5dd-7cb1-4e58-a750-89459955e1a0","3d6f370e-ebe3-4384-b845-33c658bd599c","44ca3114-87c4-45fc-b405-85eca5bfcdab"],"settings":{"featured_product":"argyle-matching-family-pajama-set","divider":false,"sku_enable":false,"image_position":"right","image_size":"medium","product_zoom_enable":true,"thumbnail_position":"beside","thumbnail_arrows":false,"mobile_layout":"partial","enable_video_looping":true,"product_video_style":"muted"}},"6dddb6b1-3f2a-4241-af5e-e00f799aa2a4":{"type":"text-columns","blocks":{"template--14917047746634__6dddb6b1-3f2a-4241-af5e-e00f799aa2a4-text_block-1":{"type":"text_block","settings":{"enable_image":true,"image_mask":"none","image_width":650,"title":"Example title","text":"<p>Use this section to explain a set of product features, to link to a series of pages, or to answer common questions about your products. Add images for emphasis.<\/p>","button_label":"Optional button","button_link":""}},"template--14917047746634__6dddb6b1-3f2a-4241-af5e-e00f799aa2a4-text_block-2":{"type":"text_block","settings":{"enable_image":true,"image_mask":"none","image_width":650,"title":"Example title","text":"<p>Use this section to explain a set of product features, to link to a series of pages, or to answer common questions about your products. Add images for emphasis.<\/p>","button_label":"Optional button","button_link":""}},"template--14917047746634__6dddb6b1-3f2a-4241-af5e-e00f799aa2a4-text_block-3":{"type":"text_block","settings":{"enable_image":true,"image_mask":"none","image_width":650,"title":"Example title","text":"<p>Use this section to explain a set of product features, to link to a series of pages, or to answer common questions about your products. Add images for emphasis.<\/p>","button_label":"Optional button","button_link":""}}},"block_order":["template--14917047746634__6dddb6b1-3f2a-4241-af5e-e00f799aa2a4-text_block-1","template--14917047746634__6dddb6b1-3f2a-4241-af5e-e00f799aa2a4-text_block-2","template--14917047746634__6dddb6b1-3f2a-4241-af5e-e00f799aa2a4-text_block-3"],"disabled":true,"settings":{"title":"","align_text":"center","manual_blocks_per_row":false,"blocks_per_row_desktop":6,"min_block_width_desktop":120,"blocks_per_row_mobile":4,"min_block_width_mobile":120,"divider":false}},"featured-collection2":{"type":"featured-collection","disabled":true,"settings":{"title":"Argyle Collection","home_featured_products":"matching-family-argyle-pajamas","per_row":4,"rows":1,"mobile_scrollable":true,"view_all":true,"divider":false}},"promo-grid2":{"type":"promo-grid","blocks":{"simple":{"type":"simple","settings":{"link":"","text":"","width":"50","height":300,"color_tint":"#000000","color_tint_opacity":8,"framed":false}},"advanced":{"type":"advanced","settings":{"subheading":"Limited time","heading":"Announce your promotion","textarea":"Include the smaller details of your promotion in text below the title.","cta_text1":"Shop This","cta_link1":"","cta_text2":"Shop All","cta_link2":"","video_url":"","width":"50","height":500,"text_size":120,"text_align":"vertical-center horizontal-center","color_accent":"rgba(0,0,0,0)","boxed":false,"framed":false}}},"block_order":["simple","advanced"],"disabled":true,"settings":{"full_width":false,"gutter_size":20,"space_above":false,"space_below":false,"lazyload_images":true}},"featured-collection3":{"type":"featured-collection","disabled":true,"settings":{"title":"White & Black Plaid Collection","home_featured_products":"matching-family-black-white-plaid-pajamas","per_row":4,"rows":1,"mobile_scrollable":true,"view_all":true,"divider":false}},"5048309f-0e92-4bb0-b48a-f6704dbba44d":{"type":"slideshow","blocks":{"template--14917047746634__5048309f-0e92-4bb0-b48a-f6704dbba44d-image-1":{"type":"image","settings":{"top_subheading":"","title":"","title_size":80,"subheading":"","link":"","link_text":"","link_2":"","link_text_2":"","color_accent":"rgba(0,0,0,0)","text_align":"vertical-center horizontal-center","image":"shopify:\/\/shop_images\/blog_banner_2880_x_1220_px.jpg","parallax_direction":"top","overlay_opacity":0}},"template--14917047746634__5048309f-0e92-4bb0-b48a-f6704dbba44d-image-2":{"type":"image","disabled":true,"settings":{"top_subheading":"","title":"Two line\ntitle slide.","title_size":80,"subheading":"And big, beautiful imagery","link":"","link_text":"Optional button","link_2":"","link_text_2":"","color_accent":"rgba(0,0,0,0)","text_align":"vertical-center horizontal-center","parallax_direction":"top","overlay_opacity":0}}},"block_order":["template--14917047746634__5048309f-0e92-4bb0-b48a-f6704dbba44d-image-1","template--14917047746634__5048309f-0e92-4bb0-b48a-f6704dbba44d-image-2"],"disabled":true,"settings":{"section_height":"natural","mobile_height":"auto","parallax":false,"style":"dots","autoplay":true,"autoplay_speed":5,"lazyload_images":true}},"featured-collections":{"type":"featured-collections","blocks":{"collection1":{"type":"collection","settings":{"collection":"matching-family-holiday-solid-color-pajamas","title":"","focal_point":"center center"}},"collection2":{"type":"collection","settings":{"collection":"matching-family-panda-prints-pajamas","title":"","focal_point":"center center"}},"collection3":{"type":"collection","settings":{"collection":"matching-family-holiday-stripes-pajamas","title":"","focal_point":"center center"}},"collection4":{"type":"collection","settings":{"collection":"dog-christmas","title":"","focal_point":"center center"}}},"block_order":["collection1","collection2","collection3","collection4"],"settings":{"title":"You may also like","layout":"button_with_image","divider":false,"per_row":4,"enable_gutter":true}},"main-collection":{"type":"main-collection","blocks":{"collection_description":{"type":"collection_description","settings":{}},"subcollections":{"type":"subcollections","settings":{"subcollections_per_row":5}},"product_grid":{"type":"product_grid","settings":{"enable_collection_count":true,"per_row":4,"rows_per_page":7,"mobile_flush_grid":false}}},"block_order":["collection_description","subcollections","product_grid"],"disabled":true,"settings":{"enable_sidebar":true,"collapsed":true,"filter_style":"sidebar","enable_color_swatches":false,"enable_sort":true,"split_by_color":false,"enable_products_quantity":false}}},"order":["78cd0f10-de28-482a-bcb3-c1fb1c2e0ffd","promo-grid","97385233-166e-449e-8dc7-f0ae880fc32f","featured-collection","6a882ddf-6829-4d4b-a0a6-3c7457ccb304","8d97bb53-dc1f-4527-ac60-aa680ed07eee","873ce267-58c5-4328-8c4b-369f31cc7472","7a3b104f-fa3f-4d55-85ff-372bfada14a6","6dddb6b1-3f2a-4241-af5e-e00f799aa2a4","featured-collection2","promo-grid2","featured-collection3","5048309f-0e92-4bb0-b48a-f6704dbba44d","featured-collections","main-collection"]}