{"sections":{"collection-header":{"type":"collection-header","settings":{"enable":true,"collection_image_enable":true,"parallax":false,"parallax_direction":"top"}},"9ae37b0f-16bc-45b3-a977-771f160ddb6e":{"type":"slideshow","blocks":{"template--14877732044874__9ae37b0f-16bc-45b3-a977-771f160ddb6e-image-1":{"type":"image","settings":{"top_subheading":"","title":"","title_size":80,"subheading":"","link":"","link_text":"","link_2":"","link_text_2":"","color_accent":"rgba(0,0,0,0)","text_align":"vertical-center horizontal-center","image":"shopify:\/\/shop_images\/on_time_banner_2000_x_150_px_4.jpg","image_mobile":"shopify:\/\/shop_images\/bundler_banner_700_x_1100_px_700_x_500_px_2.jpg","parallax_direction":"top","overlay_opacity":0}}},"block_order":["template--14877732044874__9ae37b0f-16bc-45b3-a977-771f160ddb6e-image-1"],"disabled":true,"settings":{"section_height":"natural","mobile_height":"auto","parallax":false,"style":"bars","autoplay":true,"autoplay_speed":5,"lazyload_images":true}},"ba8a5797-d049-4b65-9265-48b4b3ed12ba":{"type":"countdown","blocks":{"template--14877732044874__ba8a5797-d049-4b65-9265-48b4b3ed12ba-content-1":{"type":"content","settings":{"heading":"Shipping Countdown","heading_size":"h2","text":"<p>Order before the clock runs out to receive your purchase with Express Shipping before Dec 25th.<\/p>","content_alignment":"left"}},"template--14877732044874__ba8a5797-d049-4b65-9265-48b4b3ed12ba-timer-1":{"type":"timer","settings":{"year":"2023","month":"12","day":"20","hour":"16","minute":"00","hide_timer":false,"text":""}},"template--14877732044874__ba8a5797-d049-4b65-9265-48b4b3ed12ba-button-1":{"type":"button","settings":{"button_link":"shopify:\/\/collections\/all-excluding-clearance","button":"Shop Now","button_style":"solid"}}},"block_order":["template--14877732044874__ba8a5797-d049-4b65-9265-48b4b3ed12ba-content-1","template--14877732044874__ba8a5797-d049-4b65-9265-48b4b3ed12ba-timer-1","template--14877732044874__ba8a5797-d049-4b65-9265-48b4b3ed12ba-button-1"],"disabled":true,"settings":{"layout":"banner","full_width":true,"text_color":"#000000","background_color":"#ffffff","background_image":"shopify:\/\/shop_images\/christmas_banner_2880_x_1220_px_7.jpg","overlay_color":"#000000","overlay_opacity":0,"mobile_image":"shopify:\/\/shop_images\/christmas_banner_700_x_1400_px_4.jpg","lazyload_images":true}},"main-collection":{"type":"main-collection","blocks":{"product_grid":{"type":"product_grid","settings":{"enable_collection_count":false,"per_row":3,"rows_per_page":10,"mobile_flush_grid":true}},"collection_description":{"type":"collection_description","settings":{}}},"block_order":["product_grid","collection_description"],"settings":{"enable_sidebar":true,"collapsed":false,"filter_style":"sidebar","enable_color_swatches":true,"enable_sort":true,"split_by_color":true,"enable_products_quantity":false}}},"order":["collection-header","9ae37b0f-16bc-45b3-a977-771f160ddb6e","ba8a5797-d049-4b65-9265-48b4b3ed12ba","main-collection"]}