{"sections":{"slideshow":{"type":"slideshow","blocks":{"slideshow-0":{"type":"image","settings":{"top_subheading":"","title":"","title_size":40,"subheading":"","link":"shopify:\/\/collections\/adult-cotton-pajamas","link_text":"","link_2":"","link_text_2":"","color_accent":"#000000","text_align":"vertical-bottom horizontal-left","image":"shopify:\/\/shop_images\/longdogbannerresized.jpg","image_mobile":"shopify:\/\/shop_images\/Pet_post_TALL_BOXcleanresized.jpg","parallax_direction":"top","overlay_opacity":0}},"42d5ec1d-32c2-44c6-9f5d-148ebce67784":{"type":"image","settings":{"top_subheading":"","title":"","title_size":80,"subheading":"","link":"shopify:\/\/collections\/baby-all-1","link_text":"","link_2":"","link_text_2":"","color_accent":"rgba(0,0,0,0)","text_align":"vertical-center horizontal-center","image":"shopify:\/\/shop_images\/spring_baby_banner.jpg","image_mobile":"shopify:\/\/shop_images\/spring_baby_banner_700_x_1400_px.jpg","parallax_direction":"top","overlay_opacity":0}}},"block_order":["slideshow-0","42d5ec1d-32c2-44c6-9f5d-148ebce67784"],"settings":{"section_height":"natural","mobile_height":"auto","parallax":false,"style":"dots","autoplay":true,"autoplay_speed":6,"lazyload_images":true}},"slideshow_GJ8wk8":{"type":"slideshow","blocks":{"image_eYcxaT":{"type":"image","settings":{"top_subheading":"","title":"","title_size":40,"subheading":"","link":"shopify:\/\/pages\/gift-card-page","link_text":"","link_2":"","link_text_2":"","color_accent":"#000000","text_align":"vertical-bottom horizontal-left","image":"shopify:\/\/shop_images\/header_1.jpg","image_mobile":"shopify:\/\/shop_images\/header_300_x_50_px_2.png","parallax_direction":"left","overlay_opacity":0}}},"block_order":["image_eYcxaT"],"settings":{"section_height":"natural","mobile_height":"auto","parallax":false,"style":"dots","autoplay":true,"autoplay_speed":6,"lazyload_images":true}},"830043ba-9698-45dc-a351-e406ec4727b7":{"type":"text-columns","blocks":{"63bed949-2e95-475e-8f14-f2368260d337":{"type":"text_block","settings":{"enable_image":true,"image":"shopify:\/\/shop_images\/LVT_9092.jpg","image_mask":"square","image_width":650,"title":"","text":"","button_label":"shop Girl & Doll","button_link":"shopify:\/\/collections\/matching-girl-and-doll-pajama-sets"}},"4a04834e-6fc9-45ed-beae-ed12528524d0":{"type":"text_block","settings":{"enable_image":true,"image":"shopify:\/\/shop_images\/LVT_4723.jpg","image_mask":"square","image_width":650,"title":"","text":"","button_label":"Spring Favorites","button_link":"shopify:\/\/collections\/spring-sale-pajamas"}},"a35e5e97-a194-4595-8e3c-80cad977d103":{"type":"text_block","settings":{"enable_image":true,"image":"shopify:\/\/shop_images\/LVT_4647.jpg","image_mask":"square","image_width":650,"title":"","text":"","button_label":"Shop Matching Bunny","button_link":"shopify:\/\/products\/bunnyrabbit-matchingfamily-pajamaset"}}},"block_order":["63bed949-2e95-475e-8f14-f2368260d337","4a04834e-6fc9-45ed-beae-ed12528524d0","a35e5e97-a194-4595-8e3c-80cad977d103"],"settings":{"title":"","align_text":"center","manual_blocks_per_row":false,"blocks_per_row_desktop":6,"min_block_width_desktop":120,"blocks_per_row_mobile":4,"min_block_width_mobile":120,"divider":false}},"45ea7842-c84a-4479-bc31-2b8bd70f2ebe":{"type":"slideshow","blocks":{"6425c6b1-f468-4735-95a9-f99fd4eacd4b":{"type":"image","settings":{"top_subheading":"","title":"","title_size":80,"subheading":"","link":"shopify:\/\/pages\/matching-family-sets","link_text":"","link_2":"","link_text_2":"","color_accent":"rgba(0,0,0,0)","text_align":"vertical-bottom horizontal-center","image":"shopify:\/\/shop_images\/bundler_banner_2880_x_1220_px_2000_x_360_px_b9e805a6-e659-4fbb-9192-f5f6ca76bfb6.jpg","image_mobile":"shopify:\/\/shop_images\/bundler_banner_2880_x_1220_px_2000_x_360_px_700_x_1400_px_c0e1c715-ab73-484d-af06-f5d35627d75f.jpg","parallax_direction":"top","overlay_opacity":0}}},"block_order":["6425c6b1-f468-4735-95a9-f99fd4eacd4b"],"settings":{"section_height":"natural","mobile_height":"auto","parallax":false,"style":"dots","autoplay":false,"autoplay_speed":5,"lazyload_images":true}},"bd8575f8-74d7-4dfa-9602-c02ccd71474f":{"type":"text-columns","blocks":{"0902b947-5253-46cc-9895-ade9d10fa2ae":{"type":"text_block","settings":{"enable_image":true,"image":"shopify:\/\/shop_images\/2FC-Stars_3_ae78df46-7810-4f8f-a966-5136fe512fe6.jpg","image_mask":"rounded","image_width":150,"title":"","text":"","button_label":"Unicorn","button_link":"shopify:\/\/products\/unicorn-matchingfamily-pajamaset"}},"cc456599-3147-4d14-8e1b-4249a8ca031c":{"type":"text_block","settings":{"enable_image":true,"image":"shopify:\/\/shop_images\/PJ-S-RedPink_3.jpg","image_mask":"rounded","image_width":150,"title":"","text":"","button_label":"Red & Pink","button_link":"shopify:\/\/products\/red-pink-stripes-matching-family-pajama-set"}},"c70054f5-5d66-405d-ae62-1b3f5b189c9b":{"type":"text_block","settings":{"enable_image":true,"image":"shopify:\/\/shop_images\/2FC-Heart_3_53e2c6f1-6053-4837-9b5c-51b9ee091ed6.jpg","image_mask":"rounded","image_width":150,"title":"","text":"","button_label":"Hearts","button_link":"shopify:\/\/products\/hearts-matching-family-pajama-set"}},"9cdb711b-2cb2-40da-a16e-ae7c68daecfd":{"type":"text_block","settings":{"enable_image":true,"image":"shopify:\/\/shop_images\/purple-and-blue-dog-paw_4f2196bf-b4fa-49b3-af47-a12352810386.jpg","image_mask":"rounded","image_width":150,"title":"","text":"","button_label":"Paw Print","button_link":"shopify:\/\/products\/pets-matchingfamily-pajamaset"}},"643eb05d-a2f7-44c4-83f1-19b3f1db8002":{"type":"text_block","settings":{"enable_image":true,"image":"shopify:\/\/shop_images\/moonstars-swatch_8d52ee25-d1b5-49af-a3b7-369d5a3ba654.jpg","image_mask":"rounded","image_width":150,"title":"","text":"","button_label":"moon","button_link":"shopify:\/\/products\/moon-matchingfamily-pajamaset"}},"83387b83-661f-4f7d-b404-049578e27949":{"type":"text_block","settings":{"enable_image":true,"image":"shopify:\/\/shop_images\/MPJ-Camouflage_2_7d7fa367-c824-4490-931b-cfdef2e81d4a.jpg","image_mask":"rounded","image_width":150,"title":"","text":"","button_label":"camouflage","button_link":"shopify:\/\/products\/camouflage-matching-family-pajama-set"}},"template--14877732241482__bd8575f8-74d7-4dfa-9602-c02ccd71474f-text_block-1":{"type":"text_block","settings":{"enable_image":true,"image":"shopify:\/\/shop_images\/green-white_922c294e-6686-48a2-b737-613dee2e6aa2.png","image_mask":"rounded","image_width":150,"title":"","text":"","button_label":"Green & White","button_link":"shopify:\/\/products\/green-white-stripes-matching-family-pajama-set"}},"45de6a23-b6fe-451e-a410-d4afa39b7dd3":{"type":"text_block","settings":{"enable_image":true,"image":"shopify:\/\/shop_images\/MPJ-Rabbit_4_335df4a0-0de4-434d-a18b-b9e487d4b3b2.jpg","image_mask":"rounded","image_width":150,"title":"","text":"","button_label":"Bunny Rabbit","button_link":"shopify:\/\/products\/bunnyrabbit-matchingfamily-pajamaset"}}},"block_order":["0902b947-5253-46cc-9895-ade9d10fa2ae","cc456599-3147-4d14-8e1b-4249a8ca031c","c70054f5-5d66-405d-ae62-1b3f5b189c9b","9cdb711b-2cb2-40da-a16e-ae7c68daecfd","643eb05d-a2f7-44c4-83f1-19b3f1db8002","83387b83-661f-4f7d-b404-049578e27949","template--14877732241482__bd8575f8-74d7-4dfa-9602-c02ccd71474f-text_block-1","45de6a23-b6fe-451e-a410-d4afa39b7dd3"],"settings":{"title":"","align_text":"center","manual_blocks_per_row":true,"blocks_per_row_desktop":4,"min_block_width_desktop":120,"blocks_per_row_mobile":4,"min_block_width_mobile":120,"divider":false}},"68b20e78-5f93-452b-8f6c-74d1e972cee5":{"type":"promo-grid","blocks":{"template--14877732241482__68b20e78-5f93-452b-8f6c-74d1e972cee5-1689172096a19d8bf3-0":{"type":"advanced","settings":{"subheading":"","heading":"","textarea":"Spend chilly nights with your  favorite furry friend in matching paw print pajamas!","cta_text1":"Shop Now","cta_link1":"shopify:\/\/products\/pets-matchingfamily-pajamaset","cta_text2":"","cta_link2":"","image":"shopify:\/\/shop_images\/LVT_3509_c70d371d-6606-42ee-8a3e-cc9490f1a401.jpg","video_url":"","width":"50","height":800,"text_size":100,"text_align":"vertical-bottom horizontal-center","color_accent":"rgba(0,0,0,0)","boxed":false,"framed":false}},"template--14877732241482__68b20e78-5f93-452b-8f6c-74d1e972cee5-1689172096a19d8bf3-1":{"type":"advanced","settings":{"subheading":"","heading":"","textarea":"Start the new year off on the right foot matching with your best friend!","cta_text1":"Shop now","cta_link1":"shopify:\/\/products\/matching-doll-pajamas-girls","cta_text2":"","cta_link2":"","image":"shopify:\/\/shop_images\/LVT_4052.jpg","video_url":"","width":"50","height":500,"text_size":100,"text_align":"vertical-bottom horizontal-center","color_accent":"rgba(0,0,0,0)","boxed":false,"framed":false}}},"block_order":["template--14877732241482__68b20e78-5f93-452b-8f6c-74d1e972cee5-1689172096a19d8bf3-0","template--14877732241482__68b20e78-5f93-452b-8f6c-74d1e972cee5-1689172096a19d8bf3-1"],"disabled":true,"settings":{"full_width":false,"gutter_size":20,"space_above":true,"space_below":true,"lazyload_images":true}},"7658360f-6d54-4fd2-8cec-212b9d6e31c7":{"type":"text-columns","blocks":{"template--14848557023306__7658360f-6d54-4fd2-8cec-212b9d6e31c7-1681919620a8201117-1":{"type":"text_block","settings":{"enable_image":true,"image":"shopify:\/\/shop_images\/DSC_7316.jpg","image_mask":"square","image_width":650,"title":"","text":"<p>Stay cozy this winter all day long<\/p>","button_label":"Shop thermals","button_link":"shopify:\/\/products\/kidss-thermal-classic-solidcolor-pajamas"}},"template--14848557023306__7658360f-6d54-4fd2-8cec-212b9d6e31c7-1681919620a8201117-0":{"type":"text_block","settings":{"enable_image":true,"image":"shopify:\/\/shop_images\/DSC_6626.jpg","image_mask":"square","image_width":650,"title":"","text":"<p>Make sleepovers this year even more memorable<\/p>","button_label":"Shop matching girl & doll","button_link":"shopify:\/\/collections\/matching-girl-and-doll-pajama-sets"}},"template--14848557023306__7658360f-6d54-4fd2-8cec-212b9d6e31c7-1681919620a8201117-2":{"type":"text_block","settings":{"enable_image":true,"image":"shopify:\/\/shop_images\/DSC_7853.jpg","image_mask":"square","image_width":650,"title":"","text":"<p>Delicate striped pajamas<\/p>","button_label":"shop girls stripes","button_link":"shopify:\/\/products\/purple-stripes-cotton-pajamas-kids"}}},"block_order":["template--14848557023306__7658360f-6d54-4fd2-8cec-212b9d6e31c7-1681919620a8201117-1","template--14848557023306__7658360f-6d54-4fd2-8cec-212b9d6e31c7-1681919620a8201117-0","template--14848557023306__7658360f-6d54-4fd2-8cec-212b9d6e31c7-1681919620a8201117-2"],"settings":{"title":"","align_text":"center","manual_blocks_per_row":false,"blocks_per_row_desktop":6,"min_block_width_desktop":120,"blocks_per_row_mobile":4,"min_block_width_mobile":120,"divider":false}},"b2cda184-626f-448a-90a1-206a472967fe":{"type":"promo-grid","blocks":{"d56b3447-f711-4814-952d-9431d8b1d068":{"type":"product","settings":{"product":"kids-ombre-tiedye-cotton-pajamas","subheading":"","heading":"Ombré Tie Dye Pajamas","textarea":"These Kids Ombré Tie Dye Cotton Pajamas provide wearers with many bright colors to style themselves in, while they receive the utmost comfort for sleeping or lounging around. We offer designs such as blue ombré and aqua, with each style being uniquely dyed by hand. Be on the lookout for other similar products to match comfortably with the Kids Ombré Tie Dye Cotton Pajamas!","link_label":"NOW JUST $21.00 with promo","label":"","enable_price":false,"width":"50","text_size":100,"color_tint":"#9a6969","color_tint_opacity":10,"framed":false}},"500caba5-88ef-404c-9f78-a3c3faa269b8":{"type":"product","settings":{"product":"cotton-turtleneck-colors-girls","subheading":"","heading":"Cotton Classic Turtleneck Shirts","textarea":"Having your little ones dress in the Cotton Classic Turtleneck Shirts will be perfect for back to school season! Wearers have the option to dress themselves from our colorful options like hot pink, light pink, or even purple. These Cotton Classic Turtleneck Shirts guarantee a fashionable look for any beloved event!","link_label":"NOW JUST $11.89 with promo","label":"","enable_price":false,"width":"50","text_size":100,"color_tint":"#366984","color_tint_opacity":10,"framed":false}},"91ce0235-5cb9-4b27-8ec0-735179793654":{"type":"product","settings":{"product":"flannel-robe-womens","subheading":"Limited time reduction","heading":"Womens Flannel Robe","textarea":"Our Women's Flannel Robe will surely bring the utmost comfort for any wearer seeking the best fit. Every imported product consists of a self-tying belt at the waist and frontal pockets for the wearer's convenience. Its 100% cotton makeup provides a cozy feeling for those chilly nights, and robes can even be worn on lighter pajamas for extra warmth.","link_label":"Learn more","label":"Now reduced with sale","enable_price":false,"width":"100","text_size":100,"color_tint":"#767231","color_tint_opacity":12,"framed":false}}},"block_order":["d56b3447-f711-4814-952d-9431d8b1d068","500caba5-88ef-404c-9f78-a3c3faa269b8","91ce0235-5cb9-4b27-8ec0-735179793654"],"disabled":true,"settings":{"full_width":false,"gutter_size":20,"space_above":true,"space_below":false,"lazyload_images":true}},"36498ca7-18f9-4361-a03f-a992a614dbbc":{"type":"text-and-image","disabled":true,"settings":{"image_mask":"none","image2":"shopify:\/\/shop_images\/LVT_2548_d3992d8a-739b-4b9f-b204-d51f5f1d4ef2.jpg","image2_mask":"none","subtitle":"","title":"Snuggle up in wintery Arctic Prints","text":"<p>Children will certainly be comfortable this upcoming winter in the festive Cotton & Fleece Polar Bear Pajamas. Its design of polar bears on a navy background is adorable for any special holiday, and will even match with other family products for a fun time. The Cotton & Fleece Polar Bear Pajamas guarantee a memorable night of rest!<\/p>","button_label":"View More","button_link":"shopify:\/\/products\/polar-bear-matching-family-pajama-set","button_style":"primary","align_text":"left","image_width":"50","layout":"right","divider":false,"top_padding":true,"bottom_padding":true,"lazyload_images":true}},"7cf1fcb4-dbc0-4781-a587-e360f016ab11":{"type":"text-and-image","disabled":true,"settings":{"image":"shopify:\/\/shop_images\/DSC_9111_47a208f2-a148-4a1e-b3ef-ba6794b0da7c.jpg","image_mask":"none","image2_mask":"none","subtitle":"Our Favorite PLay date pick","title":"Neutral Solid Pullover Sweatshirt","text":"<p>Have no fear, with our basic Neutral Solid Pullover Sweatshirt your young one can play to their heart's content. Our Classic colors match with any wardrobe, in a wide range of colors from all parts of the rainbow. Each sweatshirt is made from a soft blend of polyester with cotton, creating the perfect thick feel for those cooler summer nights.<\/p>","button_label":"View More colors","button_link":"shopify:\/\/collections\/kids-pullover-sweatshirt","button_style":"primary","align_text":"left","image_width":"50","layout":"left","divider":false,"top_padding":true,"bottom_padding":true,"lazyload_images":true}},"7a40248f-dd19-4133-bc7e-c206bfb20052":{"type":"slideshow","blocks":{"template--14848557023306__7a40248f-dd19-4133-bc7e-c206bfb20052-168192006573292710-0":{"type":"image","settings":{"top_subheading":"","title":"","title_size":40,"subheading":"","link":"shopify:\/\/blogs\/news","link_text":"","link_2":"","link_text_2":"","color_accent":"rgba(0,0,0,0)","text_align":"vertical-center horizontal-center","image":"shopify:\/\/shop_images\/blog_banner_2880_x_1220_px_297f8078-c459-4daf-a48c-dbec85fe7811.jpg","image_mobile":"shopify:\/\/shop_images\/blog_banner_mobile_700_x_1400_px_6973635e-cdd8-4fe0-94cf-1adf14513649.jpg","parallax_direction":"top","overlay_opacity":0}}},"block_order":["template--14848557023306__7a40248f-dd19-4133-bc7e-c206bfb20052-168192006573292710-0"],"settings":{"section_height":"natural","mobile_height":"auto","parallax":false,"style":"bars","autoplay":false,"autoplay_speed":5,"lazyload_images":true}},"featured-collection":{"type":"featured-collection","disabled":true,"settings":{"title":"Our Classics","home_featured_products":"back-to-school","per_row":5,"rows":1,"mobile_scrollable":true,"view_all":true,"divider":false}},"da7ee276-5416-4aae-ad9d-0984474dfa85":{"type":"testimonials","blocks":{"template--14848557023306__da7ee276-5416-4aae-ad9d-0984474dfa85-1681920423e37ed1b5-0":{"type":"testimonial","settings":{"icon":"4-stars","testimonial":"<p>My son loves these PJs. They are super super soft. We ordered the size according to his age, he is normal size for his age, and skinny. Order up for husky kid for sure.<\/p>","author":"Sheila","author_info":""}},"template--14848557023306__da7ee276-5416-4aae-ad9d-0984474dfa85-1681920423e37ed1b5-1":{"type":"testimonial","settings":{"icon":"5-stars","testimonial":"<p>I’ve always preferred this type of pajamas for children. They are warm and cozy. That are made well so they last to be passed on for others to use.<\/p>","author":"Aryelis","author_info":""}},"template--14848557023306__da7ee276-5416-4aae-ad9d-0984474dfa85-1681920423e37ed1b5-2":{"type":"testimonial","settings":{"icon":"5-stars","testimonial":"<p>With little people in my life, boys & girls, these pajamas are completely unisex. They are fully fun, function for all and hit the mark for a Hanukkah gift. When my adult children were young, we always had a pajama night. It is wonderful to continue the tradition with my 3 & 4yo cousins.<\/p>","author":"Marcy","author_info":""}},"template--14848557023306__da7ee276-5416-4aae-ad9d-0984474dfa85-1681920423e37ed1b5-3":{"type":"testimonial","settings":{"icon":"4-stars","testimonial":"<p>Great quality. I washed them immediately and they came out of wash perfectly. Air dried. My daughter is about 65-70 lbs, average height & build for almost 10yro. I bought the size 8-10. Fit comfortably<\/p>","author":"Kathryn","author_info":""}},"template--14848557023306__da7ee276-5416-4aae-ad9d-0984474dfa85-1681920423e37ed1b5-4":{"type":"testimonial","settings":{"icon":"5-stars","testimonial":"<p>We bought this for our little one to attend his first extraterrestrial event. He looked so cute in it and made other event goers chuckle. It matched perfectly with his tin foil hat.<\/p>","author":"Kendra","author_info":""}}},"block_order":["template--14848557023306__da7ee276-5416-4aae-ad9d-0984474dfa85-1681920423e37ed1b5-0","template--14848557023306__da7ee276-5416-4aae-ad9d-0984474dfa85-1681920423e37ed1b5-1","template--14848557023306__da7ee276-5416-4aae-ad9d-0984474dfa85-1681920423e37ed1b5-2","template--14848557023306__da7ee276-5416-4aae-ad9d-0984474dfa85-1681920423e37ed1b5-3","template--14848557023306__da7ee276-5416-4aae-ad9d-0984474dfa85-1681920423e37ed1b5-4"],"settings":{"title":"","align_text":"center","round_images":true,"color_background":"#ffffff","color_text":"#1c1d1d"}},"23d10acb-066b-41a9-bf6e-4e1ba850364f":{"type":"slideshow","blocks":{"template--14848557023306__23d10acb-066b-41a9-bf6e-4e1ba850364f-168192006573292710-0":{"type":"image","settings":{"top_subheading":"","title":"","title_size":40,"subheading":"","link":"https:\/\/www.leveret.com\/products\/gift-card?_pos=1&_sid=fa93ec929&_ss=r","link_text":"","link_2":"","link_text_2":"","color_accent":"rgba(0,0,0,0)","text_align":"vertical-center horizontal-center","image":"shopify:\/\/shop_images\/2.jpg","image_mobile":"shopify:\/\/shop_images\/Join_our_VIP_group_to_unlock_access_to_exclusive_discounts_giveaways_and_enjoy_connecting_with_other_moms_and_Leveret_lovers_1.png","parallax_direction":"top","overlay_opacity":0}}},"block_order":["template--14848557023306__23d10acb-066b-41a9-bf6e-4e1ba850364f-168192006573292710-0"],"disabled":true,"settings":{"section_height":"natural","mobile_height":"auto","parallax":false,"style":"bars","autoplay":true,"autoplay_speed":5,"lazyload_images":true}},"42970900-ece5-4568-9680-0c68b86dbee4":{"type":"blog-posts","disabled":true,"settings":{"title":"Read more about our products","blog":"news","post_limit":3,"blog_show_tags":false,"blog_show_date":true,"blog_show_comments":false,"blog_show_author":false,"view_all":true,"blog_image_size":"square","divider":false}},"439cb1fd-9ece-49f2-9014-70bca1706670":{"type":"logo-list","blocks":{"template--14848557023306__439cb1fd-9ece-49f2-9014-70bca1706670-1681920654e162573b-0":{"type":"logo_image","settings":{"image":"shopify:\/\/shop_images\/vogue.jpg","link":"https:\/\/www.vogue.com\/article\/demi-moore-bruce-willis-coordinated-lockdown-looks"}},"template--14848557023306__439cb1fd-9ece-49f2-9014-70bca1706670-1681920654e162573b-1":{"type":"logo_image","settings":{"image":"shopify:\/\/shop_images\/CNN.jpg","link":"https:\/\/edition.cnn.com\/2020\/04\/07\/entertainment\/demi-moore-bruce-willis-pajamas-isolation-coronavirus-trnd\/index.html"}},"template--14848557023306__439cb1fd-9ece-49f2-9014-70bca1706670-1681920654e162573b-2":{"type":"logo_image","settings":{"image":"shopify:\/\/shop_images\/people.jpg","link":"https:\/\/people.com\/parents\/celebrity-babies-kids-holiday-christmas-pajamas\/"}},"template--14848557023306__439cb1fd-9ece-49f2-9014-70bca1706670-1681920654e162573b-3":{"type":"logo_image","settings":{"image":"shopify:\/\/shop_images\/New_York.jpg","link":"https:\/\/nymag.com\/strategist\/article\/best-christmas-pajamas.html"}},"587d7d3e-fab2-496a-b959-9c5b3a2c1ec5":{"type":"logo_image","settings":{"image":"shopify:\/\/shop_images\/Popsugar.jpg","link":"https:\/\/www.popsugar.com\/fashion\/demi-moore-bruce-willis-matching-green-leveret-pajamas-47372799"}}},"block_order":["template--14848557023306__439cb1fd-9ece-49f2-9014-70bca1706670-1681920654e162573b-0","template--14848557023306__439cb1fd-9ece-49f2-9014-70bca1706670-1681920654e162573b-1","template--14848557023306__439cb1fd-9ece-49f2-9014-70bca1706670-1681920654e162573b-2","template--14848557023306__439cb1fd-9ece-49f2-9014-70bca1706670-1681920654e162573b-3","587d7d3e-fab2-496a-b959-9c5b3a2c1ec5"],"settings":{"title":"AS FEATURED ON","logo_opacity":92,"divider":false}},"d9a1b531-ef43-4b95-9e7d-029cfd50f7e2":{"type":"slideshow","blocks":{"b6853e3a-7459-4005-bfa0-f2e4cfdd5eba":{"type":"image","settings":{"top_subheading":"","title":"","title_size":80,"subheading":"","link":"https:\/\/www.instagram.com\/leveretclothing\/","link_text":"Follow us on instagram","link_2":"https:\/\/www.facebook.com\/groups\/878870476450756\/","link_text_2":"Join our facebook","color_accent":"#366984","text_align":"vertical-bottom horizontal-center","image":"shopify:\/\/shop_images\/AMBASSADOR_GIFT_CARD_SOCIAL_TEMPLATE_2880_x_1620_px_6.jpg","image_mobile":"shopify:\/\/shop_images\/AMBASSADOR_GIFT_CARD_SOCIAL_TEMPLATE_2880_x_1620_px_700_x_1400_px_2.jpg","parallax_direction":"top","overlay_opacity":0}}},"block_order":["b6853e3a-7459-4005-bfa0-f2e4cfdd5eba"],"settings":{"section_height":"natural","mobile_height":"auto","parallax":false,"style":"dots","autoplay":true,"autoplay_speed":6,"lazyload_images":true}},"e34b8d2e-c946-4602-9384-0c09efc3d734":{"type":"slideshow","blocks":{"10382c77-415a-42b1-808a-d38c7d2267e1":{"type":"image","settings":{"top_subheading":"","title":"","title_size":80,"subheading":"","link":"","link_text":"","link_2":"","link_text_2":"","color_accent":"#366984","text_align":"vertical-bottom horizontal-center","image":"shopify:\/\/shop_images\/AMBASSADOR_GIFT_CARD_SOCIAL_TEMPLATE_2880_x_1620_px_2880_x_810_px_6.jpg","image_mobile":"shopify:\/\/shop_images\/AMBASSADOR_GIFT_CARD_SOCIAL_TEMPLATE_2880_x_1620_px_700_x_1400_px_2.jpg","parallax_direction":"top","overlay_opacity":0}}},"block_order":["10382c77-415a-42b1-808a-d38c7d2267e1"],"disabled":true,"settings":{"section_height":"natural","mobile_height":"auto","parallax":false,"style":"dots","autoplay":true,"autoplay_speed":6,"lazyload_images":true}},"210b7569-a8f3-4e68-8da2-44c5d09c354a":{"type":"newsletter","blocks":{"template--14877732241482__210b7569-a8f3-4e68-8da2-44c5d09c354a-title-1":{"type":"title","settings":{"title":"Sign up and save","heading_size":"h2"}},"template--14877732241482__210b7569-a8f3-4e68-8da2-44c5d09c354a-text-1":{"type":"text","settings":{"text":"<p><strong>Get 15% off your order by subscribing to our newsletter<\/strong><\/p>"}},"template--14877732241482__210b7569-a8f3-4e68-8da2-44c5d09c354a-form-1":{"type":"form","settings":{}}},"block_order":["template--14877732241482__210b7569-a8f3-4e68-8da2-44c5d09c354a-title-1","template--14877732241482__210b7569-a8f3-4e68-8da2-44c5d09c354a-text-1","template--14877732241482__210b7569-a8f3-4e68-8da2-44c5d09c354a-form-1"],"custom_css":[],"settings":{"align_text":"center","image_width":"33","image_mask":"none","image_position":"right","color_background":"#ffe8d6","color_text":"#1c1d1d","top_padding":true,"bottom_padding":true}}},"order":["slideshow","slideshow_GJ8wk8","830043ba-9698-45dc-a351-e406ec4727b7","45ea7842-c84a-4479-bc31-2b8bd70f2ebe","bd8575f8-74d7-4dfa-9602-c02ccd71474f","68b20e78-5f93-452b-8f6c-74d1e972cee5","7658360f-6d54-4fd2-8cec-212b9d6e31c7","b2cda184-626f-448a-90a1-206a472967fe","36498ca7-18f9-4361-a03f-a992a614dbbc","7cf1fcb4-dbc0-4781-a587-e360f016ab11","7a40248f-dd19-4133-bc7e-c206bfb20052","featured-collection","da7ee276-5416-4aae-ad9d-0984474dfa85","23d10acb-066b-41a9-bf6e-4e1ba850364f","42970900-ece5-4568-9680-0c68b86dbee4","439cb1fd-9ece-49f2-9014-70bca1706670","d9a1b531-ef43-4b95-9e7d-029cfd50f7e2","e34b8d2e-c946-4602-9384-0c09efc3d734","210b7569-a8f3-4e68-8da2-44c5d09c354a"]}