{"sections":{"main":{"type":"main-page","disabled":true,"settings":{}},"slideshow":{"type":"slideshow","blocks":{"slideshow-0":{"type":"image","settings":{"top_subheading":"","title":"","title_size":80,"subheading":"","link":"","link_text":"","link_2":"","link_text_2":"","color_accent":"rgba(0,0,0,0)","text_align":"vertical-center horizontal-center","image":"shopify:\/\/shop_images\/BOUT.jpg","parallax_direction":"top","overlay_opacity":0}}},"block_order":["slideshow-0"],"disabled":true,"settings":{"section_height":"450px","mobile_height":"auto","parallax":false,"style":"bars","autoplay":false,"autoplay_speed":5,"lazyload_images":true}},"rich-text":{"type":"rich-text","blocks":{"text":{"type":"text","settings":{"enlarge_text":false,"text":"<p><em>In 2007, our mission was inspired from the simple joy that came from matching with loved ones and family. <\/em><\/p><p><em>We wished to create a brand that embodied that joyous feeling, and to share that delight with others. Matching with family and loved ones provides a sense of unity and comfort, while also promoting a feeling of excitement.  It was this initial celebration of peace in combination with a love for comfortability, family, and affordability that built the foundation for Leveret Clothing<\/em><\/p>"}}},"block_order":["text"],"disabled":true,"settings":{"align_text":"center","narrow_column":true,"divider":false}},"text-columns":{"type":"text-columns","blocks":{"column1":{"type":"text_block","settings":{"enable_image":true,"image":"shopify:\/\/shop_images\/cotton4s.jpg","image_mask":"none","image_width":650,"title":"","text":"","button_label":"","button_link":""}},"column2":{"type":"text_block","settings":{"enable_image":true,"image":"shopify:\/\/shop_images\/peace.jpg","image_mask":"none","image_width":650,"title":"","text":"","button_label":"","button_link":""}},"column3":{"type":"text_block","settings":{"enable_image":true,"image":"shopify:\/\/shop_images\/designedtounite.jpg","image_mask":"none","image_width":650,"title":"","text":"","button_label":"","button_link":""}}},"block_order":["column1","column2","column3"],"disabled":true,"settings":{"title":"OUR VALUES","align_text":"center","manual_blocks_per_row":false,"blocks_per_row_desktop":6,"min_block_width_desktop":120,"blocks_per_row_mobile":4,"min_block_width_mobile":120,"divider":false}},"9ed02d50-203c-4932-ba7d-39dde470e5cf":{"type":"rich-text","blocks":{"template--14848556466250__9ed02d50-203c-4932-ba7d-39dde470e5cf-1682105659a4e53624-1":{"type":"text","settings":{"enlarge_text":false,"text":"<p>Our team here at Leveret wished to create a product that would stand the test of time. Through our classic designs and high quality blend of cotton, we were able to rise to the occasion.  With families and comfort at the forefront of our vision, we carefully decided on crafting our pajamas with high quality cotton fibers. <\/p>"}}},"block_order":["template--14848556466250__9ed02d50-203c-4932-ba7d-39dde470e5cf-1682105659a4e53624-1"],"disabled":true,"settings":{"align_text":"center","narrow_column":true,"divider":false}},"8171dc2b-863e-409f-89a9-de435cc3b66a":{"type":"text-and-image","settings":{"image":"shopify:\/\/shop_images\/gift_card_email_1.jpg","image_mask":"none","image2_mask":"none","subtitle":"RECEIVE A $20 OFF REWARD WITH YOUR PURCHASE OF $100 OR MORE","title":"","text":"<p><\/p><p>Receive<em> your reward in your purchase for use on your next order. <\/em><\/p><p><\/p><p>Valid for purchase on leveret.com only. Not combinable with other coupons, discounts or promotions. Qualifying purchase amount is determined after allowable discounts and before tax and shipping. Not redeemable for cash and may not be applied to previous purchases, exchanges or returns. If<br\/>eligible merchandise is returned, the offer value or a portion thereof may be deducted from the refund or merchandise credit and may not be reused. For further terms and conditions visit leveret.com Redeemable for one use only.<br\/>Expires 5\/31\/2024 11:59 PM EST<\/p>","button_label":"","button_link":"","button_style":"primary","align_text":"left","image_width":"50","layout":"left","divider":false,"top_padding":true,"bottom_padding":true,"lazyload_images":true}},"79a90291-2233-46aa-9b36-3c9b24c94104":{"type":"row-of-images","disabled":true,"settings":{"image_1":"shopify:\/\/shop_images\/kid_b34ca133-8b60-4f4f-99ef-54a742ed5cd4.jpg","image_1_link":"","image_2":"shopify:\/\/shop_images\/bird.jpg","image_2_link":"","image_3":"shopify:\/\/shop_images\/books.jpg","image_3_link":"","image_4":"shopify:\/\/shop_images\/bed.jpg","image_4_link":"","enable_gutter":false}},"8797eaf2-1421-4aa8-8e3f-1023f65bec7d":{"type":"featured-collections","blocks":{"template--15137611087946__8797eaf2-1421-4aa8-8e3f-1023f65bec7d-collection-1":{"type":"collection","settings":{"collection":"animal-prints","title":"","focal_point":"center center"}},"template--15137611087946__8797eaf2-1421-4aa8-8e3f-1023f65bec7d-collection-2":{"type":"collection","settings":{"collection":"cozy-critters-collection","title":"","focal_point":"center center"}},"template--15137611087946__8797eaf2-1421-4aa8-8e3f-1023f65bec7d-collection-3":{"type":"collection","settings":{"collection":"4th-of-july-1","title":"","focal_point":"center center"}},"template--15137611087946__8797eaf2-1421-4aa8-8e3f-1023f65bec7d-collection-4":{"type":"collection","settings":{"collection":"fall-arrival-collection","title":"","focal_point":"center center"}}},"block_order":["template--15137611087946__8797eaf2-1421-4aa8-8e3f-1023f65bec7d-collection-1","template--15137611087946__8797eaf2-1421-4aa8-8e3f-1023f65bec7d-collection-2","template--15137611087946__8797eaf2-1421-4aa8-8e3f-1023f65bec7d-collection-3","template--15137611087946__8797eaf2-1421-4aa8-8e3f-1023f65bec7d-collection-4"],"settings":{"title":"Explore our Collections","layout":"button_with_image","divider":false,"per_row":4,"enable_gutter":true}}},"order":["main","slideshow","rich-text","text-columns","9ed02d50-203c-4932-ba7d-39dde470e5cf","8171dc2b-863e-409f-89a9-de435cc3b66a","79a90291-2233-46aa-9b36-3c9b24c94104","8797eaf2-1421-4aa8-8e3f-1023f65bec7d"]}