{"sections":{"main":{"type":"main-page","disabled":true,"settings":{}},"b7bcd554-2f8e-4c03-842e-1d296364d612":{"type":"featured-collections","blocks":{"template--14879351046218__b7bcd554-2f8e-4c03-842e-1d296364d612-1688133094fc3588c3-0":{"type":"collection","settings":{"collection":"in-season","title":"In Season","focal_point":"center center"}},"template--14879351046218__b7bcd554-2f8e-4c03-842e-1d296364d612-1688133094fc3588c3-1":{"type":"collection","settings":{"collection":"stripes","title":"Stripes","focal_point":"center center"}},"template--14879351046218__b7bcd554-2f8e-4c03-842e-1d296364d612-1688133094fc3588c3-2":{"type":"collection","settings":{"collection":"prints","title":"Prints","focal_point":"center center"}},"template--14879351046218__b7bcd554-2f8e-4c03-842e-1d296364d612-1688133094fc3588c3-3":{"type":"collection","settings":{"collection":"animal-prints","title":"Animal Prints","focal_point":"center center"}},"e4bd90ea-9973-4693-a8e6-38a3ab8b8124":{"type":"collection","settings":{"collection":"plaids-matching-family-sets","title":"Plaids","focal_point":"center center"}},"9c7a6acd-b62e-4de3-9549-2d0f8cd43d01":{"type":"collection","settings":{"collection":"tie-dye-matching-family-sets","title":"Tie Dye","focal_point":"center center"}},"90fd7cb8-5534-4d2f-876c-32433828d11b":{"type":"collection","settings":{"collection":"matching-family-holiday-solid-color-pajamas","title":"Solid Color","focal_point":"center center"}}},"block_order":["template--14879351046218__b7bcd554-2f8e-4c03-842e-1d296364d612-1688133094fc3588c3-0","template--14879351046218__b7bcd554-2f8e-4c03-842e-1d296364d612-1688133094fc3588c3-1","template--14879351046218__b7bcd554-2f8e-4c03-842e-1d296364d612-1688133094fc3588c3-2","template--14879351046218__b7bcd554-2f8e-4c03-842e-1d296364d612-1688133094fc3588c3-3","e4bd90ea-9973-4693-a8e6-38a3ab8b8124","9c7a6acd-b62e-4de3-9549-2d0f8cd43d01","90fd7cb8-5534-4d2f-876c-32433828d11b"],"settings":{"title":"SHOP BY PRINT","layout":"button","divider":false,"per_row":4,"enable_gutter":true}},"ea6407b9-5053-4221-a24c-6ecfcbd5cc2c":{"type":"text-columns","blocks":{"02b60de0-d568-42ae-8a62-b591d7294de0":{"type":"text_block","settings":{"enable_image":false,"image_mask":"none","image_width":60,"title":"","text":"","button_label":"In Season","button_link":"shopify:\/\/collections\/christmas-collection"}},"87e0a9c2-0655-4f50-9f81-79a5216a8beb":{"type":"text_block","settings":{"enable_image":false,"image_mask":"none","image_width":60,"title":"","text":"","button_label":"Stripes","button_link":"shopify:\/\/collections\/matching-family-stripes-pajamas"}},"edd15028-32ef-4d8b-92be-4265baed7dc0":{"type":"text_block","settings":{"enable_image":false,"image_mask":"none","image_width":60,"title":"","text":"","button_label":"Print","button_link":"shopify:\/\/collections\/matching-family-print-pajamas"}},"ac565e1b-8e77-41e0-bc6a-30d54de2b820":{"type":"text_block","settings":{"enable_image":false,"image_mask":"none","image_width":60,"title":"","text":"","button_label":"Animal Prints","button_link":"shopify:\/\/collections\/animal-prints"}},"cb5f7bf6-bbfd-44f0-98f1-ad14c6787e78":{"type":"text_block","disabled":true,"settings":{"enable_image":true,"image_mask":"none","image_width":650,"title":"Example title","text":"<p>Use this section to explain a set of product features, to link to a series of pages, or to answer common questions about your products. Add images for emphasis.<\/p>","button_label":"Optional button","button_link":""}}},"block_order":["02b60de0-d568-42ae-8a62-b591d7294de0","87e0a9c2-0655-4f50-9f81-79a5216a8beb","edd15028-32ef-4d8b-92be-4265baed7dc0","ac565e1b-8e77-41e0-bc6a-30d54de2b820","cb5f7bf6-bbfd-44f0-98f1-ad14c6787e78"],"disabled":true,"settings":{"title":"MATCHING FAMILY SETS","align_text":"center","manual_blocks_per_row":true,"blocks_per_row_desktop":4,"min_block_width_desktop":120,"blocks_per_row_mobile":4,"min_block_width_mobile":120,"divider":false}},"55845b01-3d3d-4125-84c2-df3ebb6eb231":{"type":"text-columns","blocks":{"8003eabd-fc70-4a31-8b10-1a5c5e01d8cf":{"type":"text_block","settings":{"enable_image":true,"image":"shopify:\/\/shop_images\/LPJCHRISTRG_4.jpg","image_mask":"rounded","image_width":180,"title":"Red & Green","text":"","button_label":"","button_link":"shopify:\/\/products\/red-green-matching-family-pajama-set"}},"77744c70-04f0-4420-8b2e-f5c9d67a697e":{"type":"text_block","settings":{"enable_image":true,"image":"shopify:\/\/shop_images\/camouflage.png","image_mask":"rounded","image_width":180,"title":"Camouflage","text":"","button_label":"","button_link":"shopify:\/\/products\/camouflage-matching-family-pajama-set"}},"d403326f-6c03-4830-9ac2-e2c80a0acb0c":{"type":"text_block","settings":{"enable_image":true,"image":"shopify:\/\/shop_images\/SL-Penguin_3.jpg","image_mask":"rounded","image_width":180,"title":"Penguin","text":"","button_label":"","button_link":"shopify:\/\/products\/penguin-matching-family-pajama-set"}},"4108285f-b233-4fe6-b48f-f52c0722a094":{"type":"text_block","settings":{"enable_image":true,"image":"shopify:\/\/shop_images\/PJ-PLD-BlackRed_2.jpg","image_mask":"rounded","image_width":180,"title":"Red & Black Plaid","text":"","button_label":"","button_link":"shopify:\/\/products\/matching-pajamas-red-black-plaid"}},"865d93d4-2d80-4688-a939-541e7f525b03":{"type":"text_block","settings":{"enable_image":true,"image":"shopify:\/\/shop_images\/PJ-S-BlueWhite_3_2c25e8f7-da59-4803-ba6d-3e3170c7daa5.jpg","image_mask":"rounded","image_width":180,"title":"Blue & White","text":"","button_label":"","button_link":"shopify:\/\/products\/blue-white-stripes-matching-family-pajama-set"}},"a7e902bb-4bc1-4534-963e-3938f49b0303":{"type":"text_block","settings":{"enable_image":true,"image":"shopify:\/\/shop_images\/SL-BlackRed_3_59f8264e-f0a6-4955-8de2-83f3b7c4570e.jpg","image_mask":"rounded","image_width":180,"title":"Red & Black","text":"","button_label":"","button_link":"shopify:\/\/products\/red-black-stripes-matching-family-pajama-set"}},"d70ef25f-bf6f-4ee6-a054-d3370fc5c2fc":{"type":"text_block","settings":{"enable_image":true,"image":"shopify:\/\/shop_images\/PJ-PLD-BlackNavy_2.jpg","image_mask":"rounded","image_width":180,"title":"Black & Navy Plaid","text":"","button_label":"","button_link":"shopify:\/\/products\/blacknavyplaid-matchingfamily-pajamaset"}},"29a806e0-920f-4f75-a87c-767fd1a2e5d8":{"type":"text_block","settings":{"enable_image":true,"image":"shopify:\/\/shop_images\/WPJ-Menorah_2_3bd46170-7cd7-46e1-bd55-8600900a3d2a.jpg","image_mask":"rounded","image_width":180,"title":"Hannukah","text":"","button_label":"","button_link":"shopify:\/\/products\/hanukkaah-matching-family-pajama-set"}},"49df26f0-ee91-4c52-b540-477be451fa7e":{"type":"text_block","settings":{"enable_image":true,"image":"shopify:\/\/shop_images\/red-and-blue-cow.jpg","image_mask":"rounded","image_width":180,"title":"Cow","text":"","button_label":"","button_link":"shopify:\/\/products\/cow-matchingfamily-pajamaset"}},"0229ca8f-c428-499d-bedd-1582ac646184":{"type":"text_block","settings":{"enable_image":true,"image":"shopify:\/\/shop_images\/PJ-ARGLBlackRed_2_5845de2c-ba96-4da2-900e-7477e412c6a7.jpg","image_mask":"rounded","image_width":180,"title":"Argyle","text":"","button_label":"","button_link":"shopify:\/\/products\/argyle-matching-family-pajama-set"}},"e6da0a0d-af22-470f-88d7-347a3329ca35":{"type":"text_block","settings":{"enable_image":true,"image":"shopify:\/\/shop_images\/DSC_3918.jpg","image_mask":"rounded","image_width":180,"title":"Red, White, & Green","text":"","button_label":"","button_link":"shopify:\/\/products\/red-white-green-matching-family-pajama-set"}},"dea6eee5-23b3-4235-bbe5-398da34af7db":{"type":"text_block","settings":{"enable_image":true,"image":"shopify:\/\/shop_images\/DSC_3915.jpg","image_mask":"rounded","image_width":180,"title":"Moose & Reindeer","text":"","button_label":"","button_link":"shopify:\/\/products\/moose-reindeer-cotton-pajamas"}},"a7af42ab-8d10-4e10-9508-68afa29ba2a2":{"type":"text_block","settings":{"enable_image":true,"image":"shopify:\/\/shop_images\/PJ-RedTop_2_eaa3c964-c18b-4662-a04b-0fbfced98669.jpg","image_mask":"rounded","image_width":180,"title":"Red & White","text":"","button_label":"","button_link":"shopify:\/\/products\/red-white-matching-family-pajama-set"}},"589391dd-21c1-4b10-ba56-1fc1a9ea05c8":{"type":"text_block","settings":{"enable_image":true,"image":"shopify:\/\/shop_images\/solid-color.png","image_mask":"none","image_width":180,"title":"Solid Color","text":"","button_label":"","button_link":"shopify:\/\/collections\/matching-family-holiday-solid-color-pajamas"}},"29e07414-175d-43f8-9744-fa86f09b3c35":{"type":"text_block","settings":{"enable_image":true,"image":"shopify:\/\/shop_images\/grey-birds.png","image_mask":"rounded","image_width":180,"title":"Grey Birds","text":"","button_label":"","button_link":"shopify:\/\/products\/greybirds-matchingfamily-pajamaset"}},"3ee2847b-aff1-418c-800b-a5d7acfc23f1":{"type":"text_block","settings":{"enable_image":true,"image":"shopify:\/\/shop_images\/PJ-PLD-BlackWhite_2.jpg","image_mask":"rounded","image_width":180,"title":"Black & White Plaid","text":"","button_label":"","button_link":"shopify:\/\/products\/blackwhiteplaid-matchingfamily-pajamaset"}},"106daacc-fbeb-4c50-9bc5-49e9b4fa9a8b":{"type":"text_block","settings":{"enable_image":true,"image":"shopify:\/\/shop_images\/green-white_922c294e-6686-48a2-b737-613dee2e6aa2.png","image_mask":"rounded","image_width":180,"title":"Green & White","text":"","button_label":"","button_link":"shopify:\/\/products\/green-white-stripes-matching-family-pajama-set"}},"f12d8499-45f8-4063-b449-0f5426b21f51":{"type":"text_block","settings":{"enable_image":true,"image":"shopify:\/\/shop_images\/PJ-PLD-BlackGreen_2.jpg","image_mask":"rounded","image_width":180,"title":"Green & Black Plaid","text":"","button_label":"","button_link":"shopify:\/\/products\/blackgreenplaid-matchingfamily-pajamaset"}},"a6503cc7-799e-4146-be7f-da024117d7aa":{"type":"text_block","settings":{"enable_image":true,"image":"shopify:\/\/shop_images\/SL165_2_502858b2-c09e-43f1-bb37-38071287696a.jpg","image_mask":"rounded","image_width":180,"title":"Snowflakes","text":"","button_label":"","button_link":"shopify:\/\/products\/snowflake-matching-family-pajama-set"}},"6e1a8849-dafc-4810-bc0e-dcfcdf4789c3":{"type":"text_block","settings":{"enable_image":true,"image":"shopify:\/\/shop_images\/DSC_3920.jpg","image_mask":"rounded","image_width":180,"title":"Red & Grey","text":"","button_label":"","button_link":"shopify:\/\/products\/red-grey-stripes-matching-family-pajama-set"}},"9c60fd8e-a447-4ccd-90b9-3d4c63d69f1b":{"type":"text_block","settings":{"enable_image":true,"image":"shopify:\/\/shop_images\/DSC_3888.jpg","image_mask":"rounded","image_width":180,"title":"Hearts","text":"","button_label":"","button_link":"shopify:\/\/products\/hearts-matching-family-pajama-set"}},"6794df08-c7bd-4ada-bb87-85154e41b9f0":{"type":"text_block","settings":{"enable_image":true,"image":"shopify:\/\/shop_images\/purple-and-blue-dog-paw.jpg","image_mask":"rounded","image_width":180,"title":"Paw Print","text":"","button_label":"","button_link":"shopify:\/\/products\/pets-matchingfamily-pajamaset"}},"template--14879351046218__55845b01-3d3d-4125-84c2-df3ebb6eb231-16881332367ab8fa46-0":{"type":"text_block","settings":{"enable_image":true,"image":"shopify:\/\/shop_images\/mix-tie-dye.png","image_mask":"rounded","image_width":180,"title":"Mix Tie Dye","text":"","button_label":"","button_link":"shopify:\/\/products\/mix-tie-dye-matching-family-pajama-set"}},"template--14879351046218__55845b01-3d3d-4125-84c2-df3ebb6eb231-16881332367ab8fa46-1":{"type":"text_block","settings":{"enable_image":true,"image":"shopify:\/\/shop_images\/ombre-tie-dye.png","image_mask":"rounded","image_width":180,"title":"Ombré Tie Dye","text":"","button_label":"","button_link":"shopify:\/\/products\/ombre-tie-dye-matching-family-pajama-set"}},"template--14879351046218__55845b01-3d3d-4125-84c2-df3ebb6eb231-16881332367ab8fa46-2":{"type":"text_block","settings":{"enable_image":true,"image":"shopify:\/\/shop_images\/swirl-tie-dye.png","image_mask":"rounded","image_width":180,"title":"Swirl Tie Dye","text":"","button_label":"","button_link":"shopify:\/\/products\/swirl-tie-dye-matching-family-pajama-set"}},"67a542d6-e429-4075-b4aa-044930b0ef32":{"type":"text_block","settings":{"enable_image":true,"image":"shopify:\/\/shop_images\/animal-stripes.png","image_mask":"rounded","image_width":180,"title":"Animal Stripes","text":"","button_label":"","button_link":"shopify:\/\/products\/animal-stripes-matching-family-pajama-set"}},"ee748df8-c55c-4654-a9c1-77919ed6ebaf":{"type":"text_block","settings":{"enable_image":true,"image":"shopify:\/\/shop_images\/berry-chime.png","image_mask":"rounded","image_width":180,"title":"Berry & Chime","text":"","button_label":"","button_link":"shopify:\/\/products\/berry-chime-stripes-matching-family-pajama-set"}},"cacfed26-d276-4a64-9393-b8611991a0fb":{"type":"text_block","settings":{"enable_image":true,"image":"shopify:\/\/shop_images\/rainbow-stripes.jpg","image_mask":"rounded","image_width":180,"title":"Rainbow Stripes","text":"","button_label":"","button_link":"shopify:\/\/products\/rainbow-stripes-matching-family-pajama-set"}},"c4ad601d-332a-4950-b96e-a22152a74ac7":{"type":"text_block","settings":{"enable_image":true,"image":"shopify:\/\/shop_images\/red-pink_d65128f0-2536-43d2-bab9-79388500acfa.png","image_mask":"rounded","image_width":180,"title":"Red & Pink","text":"","button_label":"","button_link":"shopify:\/\/products\/red-pink-stripes-matching-family-pajama-set"}},"e1fb51d2-cc2e-4f2f-8f7e-40ecf5dbfe22":{"type":"text_block","settings":{"enable_image":true,"image":"shopify:\/\/shop_images\/red-white-blue_c131f7ad-ecdd-408d-8b8f-d150720234c4.png","image_mask":"rounded","image_width":180,"title":"Red, White & Blue","text":"","button_label":"","button_link":"shopify:\/\/products\/red-white-blue-stripes-matching-family-pajama-set"}},"113c3b42-c19b-4356-b00c-1f20811d0491":{"type":"text_block","settings":{"enable_image":true,"image":"shopify:\/\/shop_images\/rose-antler_8629dfbf-04d4-44fd-a188-21c882ebff5e.png","image_mask":"rounded","image_width":180,"title":"Rose & Antler","text":"","button_label":"","button_link":"shopify:\/\/products\/rose-antler-stripes-matching-family-pajama-set"}},"cb1c114e-4d09-441a-a2d5-fa4173e89588":{"type":"text_block","settings":{"enable_image":true,"image":"shopify:\/\/shop_images\/avocado.png","image_mask":"rounded","image_width":180,"title":"Avocado","text":"","button_label":"","button_link":"shopify:\/\/products\/test-avocado"}},"33e46f6f-3172-4f5a-b675-ad31d44514ad":{"type":"text_block","settings":{"enable_image":true,"image":"shopify:\/\/shop_images\/unicorn.png","image_mask":"rounded","image_width":180,"title":"Unicorn","text":"","button_label":"","button_link":"shopify:\/\/products\/unicorn-matchingfamily-pajamaset"}},"82ae0968-8a85-43f6-964e-94931c978dbd":{"type":"text_block","settings":{"enable_image":true,"image":"shopify:\/\/shop_images\/fish-bowl.png","image_mask":"rounded","image_width":180,"title":"Fish Bowl","text":"","button_label":"","button_link":"shopify:\/\/products\/goldfish-matchingfamily-pajamaset"}},"809dfe34-d774-4af0-bf9e-8ff3a5e792a4":{"type":"text_block","settings":{"enable_image":true,"image":"shopify:\/\/shop_images\/flowers_1.png","image_mask":"rounded","image_width":180,"title":"Flowers","text":"","button_label":"","button_link":"shopify:\/\/products\/flowerpot-matching-family-pajama-set"}},"b4e0bdad-9b07-43d9-9d66-07139a78d6e3":{"type":"text_block","settings":{"enable_image":true,"image":"shopify:\/\/shop_images\/moon.png","image_mask":"rounded","image_width":180,"title":"Moon","text":"","button_label":"","button_link":"shopify:\/\/products\/moon-matchingfamily-pajamaset"}},"f5c09d58-4f3b-466a-a819-f1320aacfd8f":{"type":"text_block","settings":{"enable_image":true,"image":"shopify:\/\/shop_images\/pineapple.png","image_mask":"rounded","image_width":180,"title":"Pineapple","text":"","button_label":"","button_link":"shopify:\/\/products\/pineapple-matching-family-pajama-set"}},"394c4843-6117-4af7-9621-cd28283eb2c1":{"type":"text_block","settings":{"enable_image":true,"image":"shopify:\/\/shop_images\/rainbown-2.png","image_mask":"rounded","image_width":180,"title":"Rainbow Print","text":"","button_label":"","button_link":"shopify:\/\/products\/rainbow-print-matching-family-pajama-set"}},"b6d9f965-23f1-4681-86d5-97fb7b6512cf":{"type":"text_block","settings":{"enable_image":true,"image":"shopify:\/\/shop_images\/pink_and_blue_dino.jpg","image_mask":"rounded","image_width":180,"title":"Dinosaur","text":"","button_label":"","button_link":"shopify:\/\/products\/dinosaur-matchingfamily-pajamaset"}},"f8acd1fe-1e59-4d97-99b1-7253bbeedeb1":{"type":"text_block","settings":{"enable_image":true,"image":"shopify:\/\/shop_images\/blue-and-pink-horse.jpg","image_mask":"rounded","image_width":180,"title":"Horse","text":"","button_label":"","button_link":"shopify:\/\/products\/horse-matchingfamily-pajamaset"}},"7c188bb2-1c3c-4304-a5e5-d470ce4d4487":{"type":"text_block","settings":{"enable_image":true,"image":"shopify:\/\/shop_images\/pink-and-blue-koala.jpg","image_mask":"rounded","image_width":180,"title":"Koala","text":"","button_label":"","button_link":"shopify:\/\/products\/koala-matchingfamily-pajamaset"}},"97dc525a-5518-4708-84ea-b5e32ead9dd9":{"type":"text_block","settings":{"enable_image":true,"image":"shopify:\/\/shop_images\/MPJ-Alien_2_9a8aa484-9dab-4a18-b82e-35fe8030f778.jpg","image_mask":"rounded","image_width":180,"title":"Alien","text":"","button_label":"","button_link":"shopify:\/\/products\/alien-matching-family-pajama-set"}},"27373b7d-47cd-4486-9f0a-680cbfdd1e24":{"type":"text_block","settings":{"enable_image":true,"image":"shopify:\/\/shop_images\/skull-pink-and-blue-swatch.jpg","image_mask":"rounded","image_width":180,"title":"Skulls","text":"","button_label":"","button_link":"shopify:\/\/products\/bluehotpinkskull-matching-family-pajama-set"}},"ea797423-3874-4431-a719-a0f9ef41bf62":{"type":"text_block","settings":{"enable_image":true,"image":"shopify:\/\/shop_images\/black-and-white-skeleton-swatches.jpg","image_mask":"rounded","image_width":180,"title":"Skeletons","text":"","button_label":"","button_link":"shopify:\/\/products\/blackwhiteskeleton-matching-family-pajama-set"}},"9670719a-3b12-4c30-9902-82d3ea0823e0":{"type":"text_block","settings":{"enable_image":true,"image":"shopify:\/\/shop_images\/PJD-Bunny_3.jpg","image_mask":"rounded","image_width":180,"title":"Bunny Rabbit","text":"","button_label":"","button_link":"shopify:\/\/products\/bunnyrabbit-matchingfamily-pajamaset"}}},"block_order":["8003eabd-fc70-4a31-8b10-1a5c5e01d8cf","77744c70-04f0-4420-8b2e-f5c9d67a697e","d403326f-6c03-4830-9ac2-e2c80a0acb0c","4108285f-b233-4fe6-b48f-f52c0722a094","865d93d4-2d80-4688-a939-541e7f525b03","a7e902bb-4bc1-4534-963e-3938f49b0303","d70ef25f-bf6f-4ee6-a054-d3370fc5c2fc","29a806e0-920f-4f75-a87c-767fd1a2e5d8","49df26f0-ee91-4c52-b540-477be451fa7e","0229ca8f-c428-499d-bedd-1582ac646184","e6da0a0d-af22-470f-88d7-347a3329ca35","dea6eee5-23b3-4235-bbe5-398da34af7db","a7af42ab-8d10-4e10-9508-68afa29ba2a2","589391dd-21c1-4b10-ba56-1fc1a9ea05c8","29e07414-175d-43f8-9744-fa86f09b3c35","3ee2847b-aff1-418c-800b-a5d7acfc23f1","106daacc-fbeb-4c50-9bc5-49e9b4fa9a8b","f12d8499-45f8-4063-b449-0f5426b21f51","a6503cc7-799e-4146-be7f-da024117d7aa","6e1a8849-dafc-4810-bc0e-dcfcdf4789c3","9c60fd8e-a447-4ccd-90b9-3d4c63d69f1b","6794df08-c7bd-4ada-bb87-85154e41b9f0","template--14879351046218__55845b01-3d3d-4125-84c2-df3ebb6eb231-16881332367ab8fa46-0","template--14879351046218__55845b01-3d3d-4125-84c2-df3ebb6eb231-16881332367ab8fa46-1","template--14879351046218__55845b01-3d3d-4125-84c2-df3ebb6eb231-16881332367ab8fa46-2","67a542d6-e429-4075-b4aa-044930b0ef32","ee748df8-c55c-4654-a9c1-77919ed6ebaf","cacfed26-d276-4a64-9393-b8611991a0fb","c4ad601d-332a-4950-b96e-a22152a74ac7","e1fb51d2-cc2e-4f2f-8f7e-40ecf5dbfe22","113c3b42-c19b-4356-b00c-1f20811d0491","cb1c114e-4d09-441a-a2d5-fa4173e89588","33e46f6f-3172-4f5a-b675-ad31d44514ad","82ae0968-8a85-43f6-964e-94931c978dbd","809dfe34-d774-4af0-bf9e-8ff3a5e792a4","b4e0bdad-9b07-43d9-9d66-07139a78d6e3","f5c09d58-4f3b-466a-a819-f1320aacfd8f","394c4843-6117-4af7-9621-cd28283eb2c1","b6d9f965-23f1-4681-86d5-97fb7b6512cf","f8acd1fe-1e59-4d97-99b1-7253bbeedeb1","7c188bb2-1c3c-4304-a5e5-d470ce4d4487","97dc525a-5518-4708-84ea-b5e32ead9dd9","27373b7d-47cd-4486-9f0a-680cbfdd1e24","ea797423-3874-4431-a719-a0f9ef41bf62","9670719a-3b12-4c30-9902-82d3ea0823e0"],"settings":{"title":"","align_text":"center","manual_blocks_per_row":true,"blocks_per_row_desktop":6,"min_block_width_desktop":120,"blocks_per_row_mobile":2,"min_block_width_mobile":60,"divider":false}}},"order":["main","b7bcd554-2f8e-4c03-842e-1d296364d612","ea6407b9-5053-4221-a24c-6ecfcbd5cc2c","55845b01-3d3d-4125-84c2-df3ebb6eb231"]}