{"sections":{"main":{"type":"main-page","disabled":true,"settings":{}},"e6dd02cc-6a54-4d5d-a25f-1589725e8cc4":{"type":"slideshow","blocks":{"template--14855074152522__e6dd02cc-6a54-4d5d-a25f-1589725e8cc4-16831171660ed38cce-0":{"type":"image","settings":{"top_subheading":"","title":"Skater Collection","title_size":59,"subheading":"Essential, back-to-school basics","link":"","link_text":"","link_2":"","link_text_2":"","color_accent":"rgba(0,0,0,0)","text_align":"vertical-bottom horizontal-center","image":"shopify:\/\/shop_images\/skater1.jpg","parallax_direction":"top","overlay_opacity":0}}},"block_order":["template--14855074152522__e6dd02cc-6a54-4d5d-a25f-1589725e8cc4-16831171660ed38cce-0"],"settings":{"section_height":"750px","mobile_height":"auto","parallax":true,"style":"bars","autoplay":true,"autoplay_speed":5,"lazyload_images":true}},"9352ae94-e58a-4953-b1a3-ff8fc697d35f":{"type":"text-columns","blocks":{"template--14855074152522__9352ae94-e58a-4953-b1a3-ff8fc697d35f-1683117322377953f7-0":{"type":"text_block","settings":{"enable_image":true,"image":"shopify:\/\/shop_images\/skater3.jpg","image_mask":"none","image_width":650,"title":"","text":"<p><em>Sweatshirt, $22.99, Sweatpants, $19.99<\/em><\/p>","button_label":"","button_link":""}},"template--14855074152522__9352ae94-e58a-4953-b1a3-ff8fc697d35f-1683117322377953f7-1":{"type":"text_block","settings":{"enable_image":true,"image":"shopify:\/\/shop_images\/skater4b.jpg","image_mask":"none","image_width":650,"title":"","text":"<p><em>Shorts Solid Pajamas, $24.99<\/em><\/p>","button_label":"","button_link":""}}},"block_order":["template--14855074152522__9352ae94-e58a-4953-b1a3-ff8fc697d35f-1683117322377953f7-0","template--14855074152522__9352ae94-e58a-4953-b1a3-ff8fc697d35f-1683117322377953f7-1"],"settings":{"title":"","align_text":"center","divider":false}},"c54031e4-de90-4b20-bbdb-4f5be0e38bc5":{"type":"row-of-images","settings":{"image_1":"shopify:\/\/shop_images\/skater5.jpg","image_1_link":"shopify:\/\/products\/sweatshirt-neutrals","image_2":"shopify:\/\/shop_images\/skater8_9d313d22-b4c8-4813-b45a-b15c40a0d2a1.jpg","image_2_link":"shopify:\/\/collections\/kids-sweatpants","image_3_link":"","image_4_link":"","enable_gutter":true}},"41450a08-bcef-426a-b097-7115f5eb7019":{"type":"slideshow","blocks":{"template--14855074152522__41450a08-bcef-426a-b097-7115f5eb7019-16831171660ed38cce-0":{"type":"image","settings":{"top_subheading":"","title":"","title_size":80,"subheading":"","link":"","link_text":"","link_2":"","link_text_2":"","color_accent":"rgba(0,0,0,0)","text_align":"vertical-center horizontal-center","image":"shopify:\/\/shop_images\/skater7.jpg","parallax_direction":"top","overlay_opacity":0}}},"block_order":["template--14855074152522__41450a08-bcef-426a-b097-7115f5eb7019-16831171660ed38cce-0"],"settings":{"section_height":"650px","mobile_height":"auto","parallax":false,"style":"bars","autoplay":true,"autoplay_speed":5,"lazyload_images":true}},"93cb37fd-7ac5-4613-80b7-091b150cfa75":{"type":"text-and-image","settings":{"image":"shopify:\/\/shop_images\/skater6.jpg","image_mask":"none","image2_mask":"none","subtitle":"Improved Breathability","title":"","text":"<p><\/p><p><em>Each outfit is made from 100% natural cotton, with convenient tagless labels to protect exposed skin from scratches.<\/em><\/p><p><\/p>","button_label":"BUY NOW","button_link":"shopify:\/\/products\/kids-shortsleeve-solidcolor-newcolor-pajamas","button_style":"primary","align_text":"left","image_width":"50","layout":"left","divider":false,"top_padding":true,"bottom_padding":true,"lazyload_images":true}},"3d4ad820-1f30-4746-a155-08697a9738ad":{"type":"row-of-images","settings":{"image_1":"shopify:\/\/shop_images\/skater2.jpg","image_1_link":"shopify:\/\/products\/sweatshirt-colors","image_2":"shopify:\/\/shop_images\/skater9.jpg","image_2_link":"shopify:\/\/products\/sweatshirt-neutrals","image_3_link":"","image_4_link":"","enable_gutter":false}}},"order":["main","e6dd02cc-6a54-4d5d-a25f-1589725e8cc4","9352ae94-e58a-4953-b1a3-ff8fc697d35f","c54031e4-de90-4b20-bbdb-4f5be0e38bc5","41450a08-bcef-426a-b097-7115f5eb7019","93cb37fd-7ac5-4613-80b7-091b150cfa75","3d4ad820-1f30-4746-a155-08697a9738ad"]}