{"sections":{"main":{"type":"main-page","disabled":true,"settings":{}},"faq":{"type":"faq","blocks":{"faq-0":{"type":"rich-text","settings":{"title":"PLACING AN ORDER","text":"","align_text":"left"}},"faq-1":{"type":"question","settings":{"title":"What is my size?","text":"<p><strong>We have a size chart on each product page.<br\/>Safety is our priority. All of our pajamas comply with CPSC safety guidelines.<\/strong><\/p><p><strong>Children’s pajamas are required to be snug fitted. You might consider sizing up if your child's measurement is above average.<\/strong><\/p>"}},"faq-2":{"type":"question","settings":{"title":"What is the policy with promocodes?","text":"<p><strong>You may only use one promo code at a time.<\/strong><\/p><p><strong>We run many flash sales and our promo codes often expire.<\/strong><\/p><p><strong>We have no control or responsibility on promo codes or sales that coupon third-party websites claim we are doing. Please consult with us for active discounts.<\/strong><\/p>"}},"c0e79505-278a-4823-b059-bd99a64949d8":{"type":"question","settings":{"title":"Why is my promo code not working?","text":"<p><strong>You may have exceeded the usage limit or that promo code (e.g. one time use per customer).<\/strong><\/p><p><strong>Only 1 promo code may be redeemed at a time.<\/strong><\/p>"}},"faq-4":{"type":"question","settings":{"title":"What is the best washing method for Leveret pajamas?","text":"<p><strong>Wash inside out and on a cold setting. Organic items have a bigger shrinkage rate. If your items shrank a lot after the first wash, consider air drying them, or to tumble dry at a lower temperature. Washing or drying with extremely hot temperatures might damage natural cotton garments.<\/strong><\/p>"}},"5ec89e0e-2f45-4cec-a39c-59bf6daa6b4d":{"type":"question","settings":{"title":"Do our pajamas have flame retardant?","text":"<p><strong>Any children’s pajama that is made from polyester, which includes the fleece sets, flannel sets, and nightgowns are required to have flame retardant added to them based on CPSC guidelines. All 100% cotton pajamas do NOT have flame retardant added but must be tight fitting in accordance to the CPSC guidelines.<\/strong><\/p>"}},"faq-3":{"type":"rich-text","settings":{"title":"SHIPPING","text":"","align_text":"left"}},"17a5e01e-6973-4edc-bc5d-3ae29b1a43c8":{"type":"question","settings":{"title":"Where do you ship to?","text":"<p><strong>We ship to the United States, Canada, Australia, and the UK.<\/strong><\/p>"}},"fdb1b18f-a735-40e9-b6b6-6093b25393a7":{"type":"question","settings":{"title":"How long does shipping take?","text":"<p><strong>Within continental U.S it will take 2 to 7 business days, depending on where you are located. Shipping estimates are provided at checkout.<\/strong><\/p><p><strong>Arrival estimates are provided as a guideline only, not a guarantee. All items will be shipped out within the next 24-48 hours  after your order is placed. Please add extra day(s) to the estimate provided at checkout. 2-3 days after ordering you should be able to get an accurate arrival estimate from the tracking code that is provided to you. Any questions feel free to call our customer support line.<\/strong><\/p>"}},"73770efc-b418-4798-972f-65bf21474330":{"type":"question","settings":{"title":"How much do you charge for shipping?","text":"<p><strong>For all US orders: free shipping to all orders above $70 via USPS. The total of the order must be $70 <\/strong><span style=\"text-decoration:underline\"><strong>after<\/strong><\/span><strong> any discounts or promo codes are applied. You can find the USPS option at checkout. For express\/overnight shipping, the rate is calculated by the carrier at checkout<\/strong><\/p><p><strong>For international orders, shipping and duties are calculated at checkout.<\/strong><\/p>"}},"5bac0f55-bc32-40d0-b0f3-675529092058":{"type":"question","settings":{"title":"I want to cancel \/ edit  my order.","text":"<p><strong>Due to the high volume of orders and fast shipping we are unable to cancel\/change orders. <\/strong><\/p>"}},"04d88097-8c26-4775-bd25-5089e7bbc755":{"type":"question","settings":{"title":"I have entered an incorrect shipping address on my order.","text":"<p><strong>We are unable to change the shipping address, so make sure to take time to double check that it's correct. It is not our responsibility to replace the product if the error was due to incorrectly entered shipping address. If the package is returned to sender we will reach out to have it resent at the customer's expense.<\/strong><\/p>"}},"d1913d6f-417e-4486-ad0e-37be27ab1e29":{"type":"question","settings":{"title":"Where do you ship from?","text":"<p><strong>We ship from New Jersey.<\/strong><\/p>"}},"ea81678f-2770-4ba0-b380-9ee07f02f7c6":{"type":"rich-text","settings":{"title":"RETURNS & EXCHANGES","text":"","align_text":"left"}},"5100eeca-737c-4d53-ac0d-c3ac1c79a176":{"type":"question","settings":{"title":"How can I return an item?","text":"<p><strong>If you are not satisfied with your purchase and want to initiate a return, you may contact us by email at contact@leveret.com within 30 days of purchase at which time you will receive return instructions. <\/strong><\/p><p><strong>We must receive the item(s) that you wish to return within 45 days of purchase.<\/strong><\/p><p><strong>Products that are marked as clearance items, discontinued items, final sale, or similar denotation are not eligible for returns, exchanges or credit. If sent back, these items will not be refunded or returned back to the customer.<\/strong><br\/><\/p>"}},"025def1f-19a9-434f-978c-08f123975a6e":{"type":"question","settings":{"title":"I received a gift and I want to exchange it.","text":"<p><strong>We can only refund or exchange gifts if you have an order number. <\/strong><\/p>"}}},"block_order":["faq-0","faq-1","faq-2","c0e79505-278a-4823-b059-bd99a64949d8","faq-4","5ec89e0e-2f45-4cec-a39c-59bf6daa6b4d","faq-3","17a5e01e-6973-4edc-bc5d-3ae29b1a43c8","fdb1b18f-a735-40e9-b6b6-6093b25393a7","73770efc-b418-4798-972f-65bf21474330","5bac0f55-bc32-40d0-b0f3-675529092058","04d88097-8c26-4775-bd25-5089e7bbc755","d1913d6f-417e-4486-ad0e-37be27ab1e29","ea81678f-2770-4ba0-b380-9ee07f02f7c6","5100eeca-737c-4d53-ac0d-c3ac1c79a176","025def1f-19a9-434f-978c-08f123975a6e"],"settings":{"title":""}}},"order":["main","faq"]}