{"sections":{"main":{"type":"main-page","disabled":true,"settings":{}},"2992ba74-b261-4522-87ac-cbf71111e401":{"type":"slideshow","blocks":{"template--15210772004938__2992ba74-b261-4522-87ac-cbf71111e401-image-1":{"type":"image","settings":{"top_subheading":"","title":"","title_size":80,"subheading":"","link":"","link_text":"","link_2":"","link_text_2":"","color_accent":"rgba(0,0,0,0)","text_align":"vertical-center horizontal-center","image":"shopify:\/\/shop_images\/christmas_banner_2880_x_1220_px_1440_x_610_px_d3caeb3e-3f91-4591-8c35-44af921bc6f7.jpg","image_mobile":"shopify:\/\/shop_images\/christmas_banner_2880_x_1220_px_1440_x_610_px_700_x_1400_px.jpg","parallax_direction":"top","overlay_opacity":0}}},"block_order":["template--15210772004938__2992ba74-b261-4522-87ac-cbf71111e401-image-1"],"settings":{"section_height":"natural","mobile_height":"auto","parallax":false,"style":"bars","autoplay":false,"autoplay_speed":5,"lazyload_images":true}},"0fb08b9f-6b14-4448-969c-1dc0372f2136":{"type":"logo-list","blocks":{"template--15210772004938__0fb08b9f-6b14-4448-969c-1dc0372f2136-logo_image-1":{"type":"logo_image","settings":{"image":"shopify:\/\/shop_images\/vogue-logo-png-transparent.png","link":"https:\/\/www.vogue.com\/article\/demi-moore-bruce-willis-coordinated-lockdown-looks"}},"template--15210772004938__0fb08b9f-6b14-4448-969c-1dc0372f2136-logo_image-2":{"type":"logo_image","settings":{"image":"shopify:\/\/shop_images\/cnn-logo-black-transparent.png","link":"https:\/\/edition.cnn.com\/2020\/04\/07\/entertainment\/demi-moore-bruce-willis-pajamas-isolation-coronavirus-trnd\/index.html"}},"template--15210772004938__0fb08b9f-6b14-4448-969c-1dc0372f2136-logo_image-3":{"type":"logo_image","settings":{"image":"shopify:\/\/shop_images\/New_York.jpg","link":"https:\/\/nymag.com\/strategist\/article\/best-christmas-pajamas.html"}},"template--15210772004938__0fb08b9f-6b14-4448-969c-1dc0372f2136-logo_image-4":{"type":"logo_image","settings":{"image":"shopify:\/\/shop_images\/popsugar-vector-logo-small.webp","link":"https:\/\/www.popsugar.com\/fashion\/demi-moore-bruce-willis-matching-green-leveret-pajamas-47372799"}},"68255938-cad2-4168-8b23-4776e40c2298":{"type":"logo_image","settings":{"image":"shopify:\/\/shop_images\/Today_27s_Parent.webp","link":"https:\/\/www.todaysparent.com\/kids\/best-kids-christmas-pajamas\/"}},"804cffdf-923f-4d4d-9987-91c6940bc360":{"type":"logo_image","settings":{"image":"shopify:\/\/shop_images\/Reviewed_Logo_Prm-nEds_FullClr_RGB_144.jpg","link":"https:\/\/reviewed.usatoday.com\/lifestyle\/features\/best-couples-christmas-pajamas-2023"}},"bdcb9528-f83c-486d-98a0-d3979d50a9b3":{"type":"logo_image","settings":{"image":"shopify:\/\/shop_images\/untitled-1_47.jpg","link":"https:\/\/www.rollingstone.com\/product-recommendations\/lifestyle\/best-winter-pajamas-1234867219\/"}},"f0c2e0ca-1e27-4e97-bfe8-1819720849e5":{"type":"logo_image","settings":{"image":"shopify:\/\/shop_images\/people.jpg","link":"https:\/\/people.com\/parents\/celebrity-babies-kids-holiday-christmas-pajamas\/"}}},"block_order":["template--15210772004938__0fb08b9f-6b14-4448-969c-1dc0372f2136-logo_image-1","template--15210772004938__0fb08b9f-6b14-4448-969c-1dc0372f2136-logo_image-2","template--15210772004938__0fb08b9f-6b14-4448-969c-1dc0372f2136-logo_image-3","template--15210772004938__0fb08b9f-6b14-4448-969c-1dc0372f2136-logo_image-4","68255938-cad2-4168-8b23-4776e40c2298","804cffdf-923f-4d4d-9987-91c6940bc360","bdcb9528-f83c-486d-98a0-d3979d50a9b3","f0c2e0ca-1e27-4e97-bfe8-1819720849e5"],"settings":{"title":"As Featured on","logo_opacity":90,"divider":false}},"02bd2cd6-b6bb-4af5-b942-e26f266e532a":{"type":"rich-text","blocks":{"template--15210772004938__02bd2cd6-b6bb-4af5-b942-e26f266e532a-heading-1":{"type":"heading","settings":{"title":"Leveret in the News"}},"template--15210772004938__02bd2cd6-b6bb-4af5-b942-e26f266e532a-text-1":{"type":"text","settings":{"enlarge_text":true,"text":"<p>Use this text to share information about your brand with your customers. Describe a product, share announcements, or welcome customers to your store.<\/p>"}}},"block_order":["template--15210772004938__02bd2cd6-b6bb-4af5-b942-e26f266e532a-heading-1","template--15210772004938__02bd2cd6-b6bb-4af5-b942-e26f266e532a-text-1"],"disabled":true,"settings":{"align_text":"center","narrow_column":true,"divider":false}},"a20b5e74-c75b-4ef5-81e4-bb3833b2012e":{"type":"text-columns","blocks":{"template--15210772004938__a20b5e74-c75b-4ef5-81e4-bb3833b2012e-text_block-1":{"type":"text_block","settings":{"enable_image":true,"image_mask":"none","image_width":650,"title":"Example title","text":"<p>Use this section to explain a set of product features, to link to a series of pages, or to answer common questions about your products. Add images for emphasis.<\/p>","button_label":"Optional button","button_link":""}},"template--15210772004938__a20b5e74-c75b-4ef5-81e4-bb3833b2012e-text_block-2":{"type":"text_block","settings":{"enable_image":true,"image_mask":"none","image_width":650,"title":"Example title","text":"<p>Use this section to explain a set of product features, to link to a series of pages, or to answer common questions about your products. Add images for emphasis.<\/p>","button_label":"Optional button","button_link":""}},"template--15210772004938__a20b5e74-c75b-4ef5-81e4-bb3833b2012e-text_block-3":{"type":"text_block","settings":{"enable_image":true,"image_mask":"none","image_width":650,"title":"Example title","text":"<p>Use this section to explain a set of product features, to link to a series of pages, or to answer common questions about your products. Add images for emphasis.<\/p>","button_label":"Optional button","button_link":""}}},"block_order":["template--15210772004938__a20b5e74-c75b-4ef5-81e4-bb3833b2012e-text_block-1","template--15210772004938__a20b5e74-c75b-4ef5-81e4-bb3833b2012e-text_block-2","template--15210772004938__a20b5e74-c75b-4ef5-81e4-bb3833b2012e-text_block-3"],"disabled":true,"settings":{"title":"","align_text":"center","manual_blocks_per_row":false,"blocks_per_row_desktop":6,"min_block_width_desktop":120,"blocks_per_row_mobile":4,"min_block_width_mobile":120,"divider":false}},"538e6688-25e8-4053-9fd9-7c0e8f383654":{"type":"rich-text","blocks":{"template--15210772004938__538e6688-25e8-4053-9fd9-7c0e8f383654-heading-1":{"type":"heading","settings":{"title":"Go to Products Year After Year"}},"template--15210772004938__538e6688-25e8-4053-9fd9-7c0e8f383654-text-1":{"type":"text","settings":{"enlarge_text":true,"text":"<p>Leveret is the classic evergreen product that every wardrobe must have. From gender neutral basics to timeless novelty prints, our matching family products are a favorite from celebrities, to influencers, to friends and families.<\/p>"}}},"block_order":["template--15210772004938__538e6688-25e8-4053-9fd9-7c0e8f383654-heading-1","template--15210772004938__538e6688-25e8-4053-9fd9-7c0e8f383654-text-1"],"settings":{"align_text":"center","narrow_column":true,"divider":false}},"d28cd106-bc7e-47c2-aea8-cd4042fd2671":{"type":"text-columns","blocks":{"4cca634b-1242-4a2f-a25f-a5ffcaa2a691":{"type":"text_block","settings":{"enable_image":true,"image":"shopify:\/\/shop_images\/dm-logo.webp","image_mask":"none","image_width":200,"title":"Daily Mom","text":"<p>Leveret makes the top style guide list on Daily Mom for the winter season<\/p>","button_label":"Read here","button_link":"https:\/\/dailymom.com\/shine\/21-of-the-best-winter-fashion-outfit-ideas\/"}},"8c724fdf-968c-4544-bafb-2612386917e2":{"type":"text_block","settings":{"enable_image":true,"image":"shopify:\/\/shop_images\/download_68fd987b-aad0-4e7c-b1fe-3cbf9790ba76.png","image_mask":"rounded","image_width":200,"title":"SheKnows","text":"<p>Best toddler pajamas that meet product safety commission standards<\/p>","button_label":"Read here","button_link":"https:\/\/www.sheknows.com\/living\/articles\/2898762\/best-toddler-pajamas\/"}},"fa877b8e-c5f7-4250-b7ae-23029afd11e5":{"type":"text_block","settings":{"enable_image":true,"image":"shopify:\/\/shop_images\/milk_drunk_by_bobbie_logo_1.jpg","image_mask":"rounded","image_width":200,"title":"Milk Drunk","text":"<p>Best baby gifts for newborns<\/p>","button_label":"Read Here","button_link":"https:\/\/milk-drunk.com\/17-best-baby-gifts-for-newborns\/"}}},"block_order":["4cca634b-1242-4a2f-a25f-a5ffcaa2a691","8c724fdf-968c-4544-bafb-2612386917e2","fa877b8e-c5f7-4250-b7ae-23029afd11e5"],"settings":{"title":"","align_text":"center","manual_blocks_per_row":false,"blocks_per_row_desktop":6,"min_block_width_desktop":120,"blocks_per_row_mobile":4,"min_block_width_mobile":120,"divider":false}}},"order":["main","2992ba74-b261-4522-87ac-cbf71111e401","0fb08b9f-6b14-4448-969c-1dc0372f2136","02bd2cd6-b6bb-4af5-b942-e26f266e532a","a20b5e74-c75b-4ef5-81e4-bb3833b2012e","538e6688-25e8-4053-9fd9-7c0e8f383654","d28cd106-bc7e-47c2-aea8-cd4042fd2671"]}