{"sections":{"main":{"type":"main-page","disabled":true,"settings":{}},"slideshow":{"type":"slideshow","blocks":{"slideshow-0":{"type":"image","settings":{"top_subheading":"","title":"","title_size":80,"subheading":"","link":"","link_text":"","link_2":"","link_text_2":"","color_accent":"rgba(0,0,0,0)","text_align":"vertical-center horizontal-center","image":"shopify:\/\/shop_images\/BOUT.jpg","parallax_direction":"top","overlay_opacity":0}}},"block_order":["slideshow-0"],"settings":{"section_height":"450px","mobile_height":"auto","parallax":false,"style":"bars","autoplay":false,"autoplay_speed":5,"lazyload_images":true}},"rich-text":{"type":"rich-text","blocks":{"text":{"type":"text","settings":{"enlarge_text":false,"text":"<p><em>In 2007, our mission was inspired from the simple joy that came from matching with loved ones and family. <\/em><\/p><p><em>We wished to create a brand that embodied that joyous feeling, and to share that delight with others. Matching with family and loved ones provides a sense of unity and comfort, while also promoting a feeling of excitement.  It was this initial celebration of peace in combination with a love for comfortability, family, and affordability that built the foundation for Leveret Clothing<\/em><\/p>"}}},"block_order":["text"],"settings":{"align_text":"center","narrow_column":true,"divider":false}},"text-columns":{"type":"text-columns","blocks":{"column1":{"type":"text_block","settings":{"enable_image":true,"image":"shopify:\/\/shop_images\/cotton4s.jpg","image_mask":"none","image_width":650,"title":"","text":"","button_label":"","button_link":""}},"column2":{"type":"text_block","settings":{"enable_image":true,"image":"shopify:\/\/shop_images\/peace.jpg","image_mask":"none","image_width":650,"title":"","text":"","button_label":"","button_link":""}},"column3":{"type":"text_block","settings":{"enable_image":true,"image":"shopify:\/\/shop_images\/designedtounite.jpg","image_mask":"none","image_width":650,"title":"","text":"","button_label":"","button_link":""}}},"block_order":["column1","column2","column3"],"settings":{"title":"OUR VALUES","align_text":"center","divider":false}},"9ed02d50-203c-4932-ba7d-39dde470e5cf":{"type":"rich-text","blocks":{"template--14848556466250__9ed02d50-203c-4932-ba7d-39dde470e5cf-1682105659a4e53624-1":{"type":"text","settings":{"enlarge_text":false,"text":"<p>Our team here at Leveret wished to create a product that would stand the test of time. Through our classic designs and high quality blend of cotton, we were able to rise to the occasion.  With families and comfort at the forefront of our vision, we carefully decided on crafting our pajamas with high quality cotton fibers. <\/p>"}}},"block_order":["template--14848556466250__9ed02d50-203c-4932-ba7d-39dde470e5cf-1682105659a4e53624-1"],"settings":{"align_text":"center","narrow_column":true,"divider":false}},"8171dc2b-863e-409f-89a9-de435cc3b66a":{"type":"text-and-image","settings":{"image":"shopify:\/\/shop_images\/cottonb.jpg","image_mask":"none","image2_mask":"none","subtitle":"high quality cotton for high quality comfort","title":"","text":"<p><em>Cotton is scientifically proven to provide you and your loved ones with the best sleep possible. <\/em><\/p><p><em>Here´s why:<\/em><\/p><p><\/p><ul><li>Cotton is hypoallergenic. Since it is not a synthetic fiber, it is sure to keep your skin safe from irritation. <\/li><\/ul><p><\/p><ul><li>Cotton is breathable! Unlike synthetic fibers, it does not trap heat underneath your PJs.<\/li><\/ul><p><\/p><ul><li>Cotton is hydrophilic. This helps wick moisture from your skin to provide you with the utmost comfort possible.<\/li><\/ul>","button_label":"","button_link":"","button_style":"primary","align_text":"left","image_width":"50","layout":"left","divider":false,"top_padding":true,"bottom_padding":true,"lazyload_images":true}},"map":{"type":"map","disabled":true,"settings":{"map_title":"Our retail store","address":"<p>301 Front St W<br>Toronto, Canada<\/p><p>Mon - Fri, 8:30am - 10:30pm<br>Saturday, 8:30am - 10:30pm<br>Sunday, 8:30am - 10:30pm<\/p>","map_address":"301 Front St W, Toronto, ON M5V 2T6","api_key":"","show_button":true,"lazyload_images":true}},"featured-collection":{"type":"featured-collection","disabled":true,"settings":{"title":"Featured collection","home_featured_products":"","per_row":4,"rows":1,"mobile_scrollable":true,"view_all":true,"divider":false}},"form":{"type":"contact-form","disabled":true,"settings":{"title":"Contact us","text":"","show_phone":false,"narrow_column":true}},"79a90291-2233-46aa-9b36-3c9b24c94104":{"type":"row-of-images","settings":{"image_1":"shopify:\/\/shop_images\/kid_b34ca133-8b60-4f4f-99ef-54a742ed5cd4.jpg","image_1_link":"","image_2":"shopify:\/\/shop_images\/bird.jpg","image_2_link":"","image_3":"shopify:\/\/shop_images\/books.jpg","image_3_link":"","image_4":"shopify:\/\/shop_images\/bed.jpg","image_4_link":"","enable_gutter":false}}},"order":["main","slideshow","rich-text","text-columns","9ed02d50-203c-4932-ba7d-39dde470e5cf","8171dc2b-863e-409f-89a9-de435cc3b66a","map","featured-collection","form","79a90291-2233-46aa-9b36-3c9b24c94104"]}