{"sections":{"main":{"type":"main-page","disabled":true,"settings":{}},"24fc3ded-05d4-4b68-b0ef-3bcf30096590":{"type":"advanced-content","blocks":{"template--14848557154378__24fc3ded-05d4-4b68-b0ef-3bcf30096590-168211968471f2528e-1":{"type":"liquid","settings":{"code":"<html>\n          <style>\n            #dovetale-frame{ height: 960px; display: block; }\n            @media (max-width: 832px){\n              #dovetale-frame{ height: 1500px; }\n            }\n          <\/style>\n          <body>\n            <iframe id='dovetale-frame' width='100%' style='border: none' src='https:\/\/join.collabs.shopify.com\/community\/embed\/8kjk5WaFnKA\/'><\/iframe>\n          <\/body>\n        <\/html>","width":"100%","alignment":"center"}}},"block_order":["template--14848557154378__24fc3ded-05d4-4b68-b0ef-3bcf30096590-168211968471f2528e-1"],"settings":{"full_width":true,"space_around":false,"lazyload_images":true}}},"order":["main","24fc3ded-05d4-4b68-b0ef-3bcf30096590"]}