{"sections":{"main":{"type":"main-product","blocks":{"275f2af6-0528-4f33-9813-e0e479f6cc6b":{"type":"shopify:\/\/apps\/opinew-product-reviews-app\/blocks\/product-stars\/e1d8e0dc-17ff-4e4a-8a8a-1e73c8ef8676","settings":{}},"price":{"type":"price","settings":{}},"separator":{"type":"separator","settings":{}},"5ad3048d-7376-4f3a-831f-04585c5a1674":{"type":"size_custom_chart","settings":{}},"variant_picker":{"type":"variant_picker","settings":{"variant_labels":true,"picker_type":"button","product_dynamic_variants_enable":true,"color_swatches":true}},"buy_buttons":{"type":"buy_buttons","settings":{"show_dynamic_checkout":true,"surface_pickup_enable":true}},"description":{"type":"description","settings":{"is_tab":false}},"contact":{"type":"contact","disabled":true,"settings":{"title":"Ask a question","phone":false}},"4c0a7508-ee15-4f95-a2d3-9cee8459e005":{"type":"tab","settings":{"title":"Care & Details","content":"<ul><li>100% Polyester Flame Resistant Fleece<\/li><li>Great for wearing on top of lighter pj's on cold nights<\/li><li>Collar robe featuring solid colors self-tie belt at waist<\/li><li>Imported<\/li><li>Machine Wash Cold, Inside Out<\/li><li>Only non-chlorine bleach when needed<\/li><li>Tumble dry low or hang to dry<\/li><li>Do not iron. Do not dry clean<\/li><\/ul>","page":""}},"7a0d202e-654e-4fbf-bf1d-61090c8d5d06":{"type":"tab","settings":{"title":"Shipping information","content":"<p><strong>We ship to the United States, Canada & Australia.<\/strong><\/p><p><strong>Within continental U.S it will take 2 to 7 business days, depending on where you are located. Shipping estimates for Canada is provided at checkout. Arrival estimates are provided as a guideline only, not a guarantee.<\/strong><\/p>","page":""}},"share":{"type":"share","settings":{}},"621e63eb-ee42-41e0-95fa-2560dbed7210":{"type":"complementary_products","settings":{"product_complementary_heading":"Pairs well with","complementary_count":4,"per_slide":2,"control_type":"dots","image_style":"default"}}},"block_order":["275f2af6-0528-4f33-9813-e0e479f6cc6b","price","separator","5ad3048d-7376-4f3a-831f-04585c5a1674","variant_picker","buy_buttons","description","contact","4c0a7508-ee15-4f95-a2d3-9cee8459e005","7a0d202e-654e-4fbf-bf1d-61090c8d5d06","share","621e63eb-ee42-41e0-95fa-2560dbed7210"],"settings":{"sku_enable":false,"show_grid_images":true,"image_position":"left","image_size":"large","product_zoom_enable":true,"thumbnail_position":"beside","thumbnail_height":"flexible","thumbnail_arrows":false,"mobile_layout":"partial","enable_video_looping":true,"product_video_style":"muted"}},"product-recommendations":{"type":"product-recommendations","custom_css":[],"settings":{"product_recommendations_heading":"You may also like","related_count":5,"products_per_row":5}},"sub":{"type":"product-full-width","disabled":true,"settings":{"max_width":true}},"168305432299859a3e":{"type":"apps","blocks":{"4b7cbd65-6968-456c-a3aa-ae53461d5f73":{"type":"shopify:\/\/apps\/opinew-product-reviews-app\/blocks\/product-widget\/e1d8e0dc-17ff-4e4a-8a8a-1e73c8ef8676","settings":{}}},"block_order":["4b7cbd65-6968-456c-a3aa-ae53461d5f73"],"settings":{"full_width":false,"space_around":true}},"recently-viewed":{"type":"recently-viewed","disabled":true,"settings":{"recent_count":5}},"collection-return":{"type":"collection-return","disabled":true,"settings":{}}},"order":["main","product-recommendations","sub","168305432299859a3e","recently-viewed","collection-return"]}