{"sections":{"main":{"type":"main-product","disabled":true,"blocks":{"price":{"type":"price","settings":{}},"separator":{"type":"separator","settings":{}},"variant_picker":{"type":"variant_picker","settings":{"variant_labels":true,"picker_type":"button","product_dynamic_variants_enable":true,"color_swatches":true}},"sales_point":{"type":"sales_point","disabled":true,"settings":{"icon":"globe","text":"Free worldwide shipping"}},"inventory_status":{"type":"inventory_status","disabled":true,"settings":{"inventory_threshold":10,"inventory_transfers_enable":true}},"d02d140b-afcb-4b19-b7f4-8eb9562531c8":{"type":"size_chart","settings":{"size_chart":""}},"buy_buttons":{"type":"buy_buttons","settings":{"show_dynamic_checkout":true,"surface_pickup_enable":true}},"description":{"type":"description","settings":{"is_tab":false}},"contact":{"type":"contact","settings":{"title":"Ask a question","phone":false}},"share":{"type":"share","settings":{}}},"block_order":["price","separator","variant_picker","sales_point","inventory_status","d02d140b-afcb-4b19-b7f4-8eb9562531c8","buy_buttons","description","contact","share"],"settings":{"sku_enable":false,"show_grid_images":false,"image_position":"left","image_size":"large","product_zoom_enable":true,"thumbnail_position":"beside","thumbnail_height":"flexible","thumbnail_arrows":false,"mobile_layout":"partial","enable_video_looping":true,"product_video_style":"muted"}},"sub":{"type":"product-full-width","disabled":true,"settings":{"max_width":true}},"product-recommendations":{"type":"product-recommendations","disabled":true,"settings":{"product_recommendations_heading":"You may also like","related_count":5,"products_per_row":5}},"recently-viewed":{"type":"recently-viewed","disabled":true,"settings":{"recent_count":5}},"collection-return":{"type":"collection-return","disabled":true,"settings":{}},"76c1fc9f-cc41-4e51-86a8-55206b5fe967":{"type":"product-swatches","settings":{"title_1":"moon-star-navy","bundler_swatch_1":"shopify:\/\/shop_images\/moon-star-navy_40x_534c3448-8aa7-4bbc-a7c0-3fa9a8119f38.png","title_2":"moon-royal-blue","bundler_swatch_2":"shopify:\/\/shop_images\/moon-royal-blue_40x_7a5b5657-1c93-467b-914a-8f6fe2b4c593.png","title_3":"aliens-black","bundler_swatch_3":"shopify:\/\/shop_images\/aliens-black_40x_b354d3e1-c6a9-487f-9e2e-8ebd9e78854d.png","title_4":"baseball-beige","title_5":"hula-purple","bundler_swatch_5":"shopify:\/\/shop_images\/hula-purple_40x_0da2a67a-3a03-47ab-8d1b-dd0f68871a7a.png","title_6":"bunny-green","bundler_swatch_6":"shopify:\/\/shop_images\/bunny-green.png","title_7":"bunny-stripes-green","bundler_swatch_7":"shopify:\/\/shop_images\/bunny-stripes-green.png","title_8":"bunny-blue","bundler_swatch_8":"shopify:\/\/shop_images\/bunny-blue.png","title_9":"bunny-purple","bundler_swatch_9":"shopify:\/\/shop_images\/bunny-purple.png","title_10":"bunny-light-pink","bundler_swatch_10":"shopify:\/\/shop_images\/bunny-light-pink.png","title_11":"bunny-hot-pink","bundler_swatch_11":"shopify:\/\/shop_images\/bunny-hot-pink.png","title_12":"rabbit-beige","bundler_swatch_12":"shopify:\/\/shop_images\/rabbit-beige.png","title_13":"cows","bundler_swatch_13":"shopify:\/\/shop_images\/cows.png","title_14":"cows-pink-white","bundler_swatch_14":"shopify:\/\/shop_images\/cow-pink-white.png","title_15":"cow-blue","bundler_swatch_15":"shopify:\/\/shop_images\/cow-blue.png","title_16":"cow-black-white","bundler_swatch_16":"shopify:\/\/shop_images\/cow-black-white.png","title_17":"dinosaur-volcano-pink","bundler_swatch_17":"shopify:\/\/shop_images\/dinosaur-volcano-pink.png","title_18":"dinosaur-volcano-blue","bundler_swatch_18":"shopify:\/\/shop_images\/dinosaur-volcano-blue.png","title_19":"fish-bowl-aqua","bundler_swatch_19":"shopify:\/\/shop_images\/fish-bowl-aqua.png","title_20":"birds-light-grey","bundler_swatch_20":"shopify:\/\/shop_images\/birds-light-grey.png","title_21":"horse-purple","bundler_swatch_21":"shopify:\/\/shop_images\/horse-purple.png","title_22":"horse-light-pink","bundler_swatch_22":"shopify:\/\/shop_images\/horse-light-pink.png","title_23":"horse-light-blue","bundler_swatch_23":"shopify:\/\/shop_images\/horse-light-blue.png","title_24":"horse-green-black","bundler_swatch_24":"shopify:\/\/shop_images\/horse-green-black.png","title_25":"koala-blue","bundler_swatch_25":"shopify:\/\/shop_images\/koala-blue.png","title_26":"koala-pink","bundler_swatch_26":"shopify:\/\/shop_images\/koala-pink.png","title_27":"panda-black-white","bundler_swatch_27":"shopify:\/\/shop_images\/panda-black-white.png","title_28":"panda-off-white","bundler_swatch_28":"shopify:\/\/shop_images\/panda-off-white.png","title_29":"puppy-blue-pink","bundler_swatch_29":"shopify:\/\/shop_images\/puppy-blue-pink.png","title_30":"dog-paw-purple","bundler_swatch_30":"shopify:\/\/shop_images\/dog-paw-purple.png","title_31":"dog-paw-blue","bundler_swatch_31":"shopify:\/\/shop_images\/dog-paw-blue.png","title_32":"unicorn-pocket-hot-pink","bundler_swatch_32":"shopify:\/\/shop_images\/swatch_unicorn-pocket-hot-pink.png","title_33":"unicorn-maroon","bundler_swatch_33":"shopify:\/\/shop_images\/unicorn-maroon.png","title_34":"unicorn-pink","bundler_swatch_34":"shopify:\/\/shop_images\/unicorn-pink.png","title_35":"unicorn-rainbow-aqua","bundler_swatch_35":"shopify:\/\/shop_images\/unicorn-rainbow-aqua.png","title_36":"unicorn-olive-green","bundler_swatch_36":"shopify:\/\/shop_images\/unicorn-olive-green.png","title_37":"unicorn-blue","bundler_swatch_37":"shopify:\/\/shop_images\/unicorn-blue.png","title_38":"unicorn-dark-grey","bundler_swatch_38":"shopify:\/\/shop_images\/unicorn-dark-grey.png","title_39":"unicorn-ombre-tie-dye","bundler_swatch_39":"shopify:\/\/shop_images\/unicorn-ombre-tie-dye.png","title_40":"unicorn-black","bundler_swatch_40":"shopify:\/\/shop_images\/unicorn-black.png","title_41":"unicorn-blue-purple","bundler_swatch_41":"shopify:\/\/shop_images\/unicorn-blue-purple.png","title_42":"unicorn-purple","bundler_swatch_42":"shopify:\/\/shop_images\/unicorn-purple.png","title_43":"unicorn-aqua","bundler_swatch_43":"shopify:\/\/shop_images\/unicorn-aqua.png","title_44":"unicorn-rainbow","bundler_swatch_44":"shopify:\/\/shop_images\/unicorn-rainbow.png","title_45":"rainbow-tie-dye","bundler_swatch_45":"shopify:\/\/shop_images\/rainbow-tie-dye.png","title_46":"rainbow-stars","bundler_swatch_46":"shopify:\/\/shop_images\/rainbow-stars.png","title_47":"dinosaur-volcano-blue","bundler_swatch_47":"shopify:\/\/shop_images\/dinosaur-volcano-blue_2072a760-0dd5-44e8-86e4-b76bab167592.png","title_48":"dinosaur-volcano-light-grey-pink","bundler_swatch_48":"shopify:\/\/shop_images\/dinosaur-volcano-light-grey-pink_e946cfeb-4530-4939-9e6d-6c547e7ed943.png","title_49":"dinosaur-volcano-pink","bundler_swatch_49":"shopify:\/\/shop_images\/dinosaur-volcano-pink_5cd6d08e-2f81-420c-9759-52f2a9815e2d.png","title_50":"fish-bowl-aqua","bundler_swatch_50":"shopify:\/\/shop_images\/fish-bowl-aqua_722e0c5e-88a5-4022-848f-9af905b3370f.png","title_51":"birds-light-grey","bundler_swatch_51":"shopify:\/\/shop_images\/birds-light-grey_8451a17b-6b59-467b-af80-209e9a6df098.png","title_52":"koala-pink","bundler_swatch_52":"shopify:\/\/shop_images\/koala-pink.png","title_53":"koala-blue","bundler_swatch_53":"shopify:\/\/shop_images\/koala-blue.png","title_54":"panda-off-white","bundler_swatch_54":"shopify:\/\/shop_images\/panda-off-white_5338c5f7-c9f7-4ccc-8431-d8157ab222c6.png","title_55":"panda-black-white","bundler_swatch_55":"shopify:\/\/shop_images\/panda-black-white_c590fa67-da67-497f-aed0-0a887a1dde11.png","title_56":"puppy-blue-pink","bundler_swatch_56":"shopify:\/\/shop_images\/puppy-blue-pink_0752f28d-880b-496c-ad2e-582f9601a026.png","title_57":"dog-paw-purple","bundler_swatch_57":"shopify:\/\/shop_images\/dog-paw-purple_d5f7f2c9-e58b-430f-8848-612cab7045ed.png","title_58":"dog-paw-blue","bundler_swatch_58":"shopify:\/\/shop_images\/dog-paw-blue_4c67eda4-3fac-4d9b-a975-eb5f33e2c789.png","title_59":"rainbow-mix-tie-dye","bundler_swatch_59":"shopify:\/\/shop_images\/rainbow-mix-tie-dye.png","title_60":"peach-mix-tie-dye","bundler_swatch_60":"shopify:\/\/shop_images\/peach-mix-tie-dye.png","title_61":"navy-mix-tie-dye","bundler_swatch_61":"shopify:\/\/shop_images\/navy-mix-tie-dye.png","title_62":"purple-mix-tie-dye","bundler_swatch_62":"shopify:\/\/shop_images\/purple-mix-tie-dye.png","title_63":"colorful-mix-tie-dye","bundler_swatch_63":"shopify:\/\/shop_images\/colorful-mix-tie-dye.png","title_64":"grey-ombre-tie-dye","bundler_swatch_64":"shopify:\/\/shop_images\/grey-ombre-tie-dye.png","title_65":"beige-ombre-tie-dye","bundler_swatch_65":"shopify:\/\/shop_images\/beige-ombre-tie-dye.png","title_66":"aqua-ombre-tie-dye","bundler_swatch_66":"shopify:\/\/shop_images\/aqua-ombre-tie-dye.png","title_67":"pink-ombre-tie-dye","bundler_swatch_67":"shopify:\/\/shop_images\/pink-ombre-tie-dye.png","title_68":"blue-ombre-tie-dye","bundler_swatch_68":"shopify:\/\/shop_images\/blue-ombre-tie-dye.png","title_69":"girl-swirl-tie-dye","bundler_swatch_69":"shopify:\/\/shop_images\/girl-swirl-tie-dye.png","title_70":"boy-swirl-tie-dye","bundler_swatch_70":"shopify:\/\/shop_images\/boy-swirl-tie-dye.png","title_71":"orca-aqua","bundler_swatch_71":"shopify:\/\/shop_images\/orca-aqua.png","title_72":"avocado-yellow","bundler_swatch_72":"shopify:\/\/shop_images\/avocado-yellow.png","title_73":"pineapple-orange","bundler_swatch_73":"shopify:\/\/shop_images\/pineapple-orange.png","title_74":"rainbow-retro-pink","bundler_swatch_74":"shopify:\/\/shop_images\/rainbow-retro-pink.png","title_75":"rainbow-stripes-boy","bundler_swatch_75":"shopify:\/\/shop_images\/rainbow-stripes-boy.png","title_76":"rainbow-girlstripes","bundler_swatch_76":"shopify:\/\/shop_images\/rainbow-girlstripes.png","title_77":"rainbow-light-blue","bundler_swatch_77":"shopify:\/\/shop_images\/rainbow-light-blue.png","title_78":"rainbow-stripes","bundler_swatch_78":"shopify:\/\/shop_images\/rainbow-stripes.png","title_79":"rainbow-light-pink","bundler_swatch_79":"shopify:\/\/shop_images\/rainbow-light-pink.png","title_80":"red-white-blue","bundler_swatch_80":"shopify:\/\/shop_images\/red-white-blue.png","title_81":"red-white","bundler_swatch_81":"shopify:\/\/shop_images\/red-white.png","title_82":"blue-white","bundler_swatch_82":"shopify:\/\/shop_images\/blue-white.png","title_83":"green-white-top","bundler_swatch_83":"shopify:\/\/shop_images\/green-white-top.png","title_84":"flamingo-aqua","bundler_swatch_84":"shopify:\/\/shop_images\/flamingo-aqua.png","title_85":"lgiht","bundler_swatch_85":"shopify:\/\/shop_images\/bunny-light-pink_8fa2a33a-9b5f-4aaf-8ca7-da839dbc35a2.png","title_86":"bunny-grey","bundler_swatch_86":"shopify:\/\/shop_images\/bunny-grey_313d841b-7c85-4587-ac23-c264102687ac.png","title_87":"red-black","bundler_swatch_87":"shopify:\/\/shop_images\/swatch_red-black_250x_32ac9c73-781f-4258-afbc-e46c62582a19.png","title_88":"penguin-light-blue","bundler_swatch_88":"shopify:\/\/shop_images\/swatch_penguin-light-blue_122f46e7-575c-49dd-b2d5-d623f431269a.png","title_89":"penguin-light-blue","bundler_swatch_89":"shopify:\/\/shop_images\/swatch_penguin-blue_e530590a-02da-475c-acb9-3dd09a12890f.png","title_90":"show-horse-pink","bundler_swatch_90":"shopify:\/\/shop_images\/show-horse-light-pink.png","title_91":"aqua","bundler_swatch_91":"shopify:\/\/shop_images\/aqua.png","title_92":"beige","bundler_swatch_92":"shopify:\/\/shop_images\/beige_990a42cc-356a-44a9-a900-da7258dbe1cf.png","title_93":"black","bundler_swatch_93":"shopify:\/\/shop_images\/black.png","title_94":"brown","bundler_swatch_94":"shopify:\/\/shop_images\/brown.png","title_95":"dark-grey","bundler_swatch_95":"shopify:\/\/shop_images\/dark-grey.png","title_96":"green","bundler_swatch_96":"shopify:\/\/shop_images\/green.png","title_97":"hot-pink","bundler_swatch_97":"shopify:\/\/shop_images\/hot-pink.png","title_98":"light-blue","bundler_swatch_98":"shopify:\/\/shop_images\/light-blue.png","title_99":"light-grey","bundler_swatch_99":"shopify:\/\/shop_images\/light-grey.png","title_100":"light-pink","bundler_swatch_100":"shopify:\/\/shop_images\/light-pink.png"}},"12f67be5-7e92-4c83-9d0f-5182b1d3ddf9":{"type":"product-swatches","settings":{"title_1":"navy","bundler_swatch_1":"shopify:\/\/shop_images\/navy.jpg","title_2":"nude-pink","bundler_swatch_2":"shopify:\/\/shop_images\/nude-pink.png","title_3":"orange","bundler_swatch_3":"shopify:\/\/shop_images\/orange.jpg","title_4":"purple","bundler_swatch_4":"shopify:\/\/shop_images\/purple.png","title_5":"red","bundler_swatch_5":"shopify:\/\/shop_images\/red.png","title_6":"royal-blue","bundler_swatch_6":"shopify:\/\/shop_images\/royal-blue.jpg","title_7":"white","bundler_swatch_7":"shopify:\/\/shop_images\/white.png","title_8":"yellow","bundler_swatch_8":"shopify:\/\/shop_images\/yellow.png","title_9":"dark-green","bundler_swatch_9":"shopify:\/\/shop_images\/dark-green_ec806f59-94c1-482c-97fb-820affc03009.png","title_10":"dark-purple","bundler_swatch_10":"shopify:\/\/shop_images\/dark-purple_393bd1e1-b76d-428f-829c-32572fc71cc5.png","title_11":"mustard-yellow","bundler_swatch_11":"shopify:\/\/shop_images\/mustard-yellow.png","title_12":"olive-green","bundler_swatch_12":"shopify:\/\/shop_images\/olive-green.png","title_13":"peach-pink","bundler_swatch_13":"shopify:\/\/shop_images\/peach-pink.png","title_14":"rust-orange","bundler_swatch_14":"shopify:\/\/shop_images\/rust-orange.png","title_15":"teal-blue","bundler_swatch_15":"shopify:\/\/shop_images\/teal-blue.png","title_16":"maroon","bundler_swatch_16":"shopify:\/\/shop_images\/maroon.png","title_17":"camo-green","bundler_swatch_17":"shopify:\/\/shop_images\/camo-green.png","title_18":"helicopter-camo","bundler_swatch_18":"shopify:\/\/shop_images\/helicopter-camo.png","title_19":"hearts-red-pink","bundler_swatch_19":"shopify:\/\/shop_images\/hearts-red-pink.png","title_20":"hearts-red","bundler_swatch_20":"shopify:\/\/shop_images\/hearts-red.png","title_21":"olive-green-hearts","bundler_swatch_21":"shopify:\/\/shop_images\/olive-green-hearts.png","title_22":"hearts-black","bundler_swatch_22":"shopify:\/\/shop_images\/hearts-black.png","title_23":"ladybug-light-pink","bundler_swatch_23":"shopify:\/\/shop_images\/ladybug-light-pink.png","title_24":"hearts-pink","bundler_swatch_24":"shopify:\/\/shop_images\/hearts-pink.png","title_25":"red-pink","bundler_swatch_25":"shopify:\/\/shop_images\/red-pink.png","title_26":"berry-chime","bundler_swatch_26":"shopify:\/\/shop_images\/berrychime.png","title_27":"rose-antler","bundler_swatch_27":"shopify:\/\/shop_images\/rose-antler.png","title_28":"bunny-light-pink","bundler_swatch_28":"shopify:\/\/shop_images\/bunny-light-pink_5f1ddcbf-3aba-4045-a446-cd36b64ec548.png","title_29":"green-black","bundler_swatch_29":"shopify:\/\/shop_images\/green-black.png","title_30":"black-navy","bundler_swatch_30":"shopify:\/\/shop_images\/black-navy.png","title_31":"moose-face-red","bundler_swatch_31":"shopify:\/\/shop_images\/moose-face-red.png","title_32":"moose-red","bundler_swatch_32":"shopify:\/\/shop_images\/moose-red.png","title_33":"moose-red-black","bundler_swatch_33":"shopify:\/\/shop_images\/moose-red-black.png","title_34":"black-white","bundler_swatch_34":"shopify:\/\/shop_images\/black-white.png","title_35":"red-green","bundler_swatch_35":"shopify:\/\/shop_images\/red-green.png","title_36":"reindeer-white-red","bundler_swatch_36":"shopify:\/\/shop_images\/reindeer_white_red.png","title_37":"reindeer-red-green","bundler_swatch_37":"shopify:\/\/shop_images\/swatch_reindeer-red-green.png","title_38":"snowflake-red","bundler_swatch_38":"shopify:\/\/shop_images\/snowflake-red.png","title_39":"snowflake-royal-blue","bundler_swatch_39":"shopify:\/\/shop_images\/snowflake-royal-blue.png","title_40":"polar-bear-face-blue","bundler_swatch_40":"shopify:\/\/shop_images\/polar-bear-face-blue.png","title_41":"polar-bear-navy","bundler_swatch_41":"shopify:\/\/shop_images\/polar-bear-navy.png","title_42":"polar-bear-red","bundler_swatch_42":"shopify:\/\/shop_images\/polar-bear-red.png","title_43":"menorah-blue","bundler_swatch_43":"shopify:\/\/shop_images\/menorah-blue.png","title_44":"red-white-green","bundler_swatch_44":"shopify:\/\/shop_images\/red-white-green.png","title_45":"","title_46":"","title_47":"","title_48":"","title_49":"","title_50":"","title_51":"","title_52":"","title_53":"","title_54":"","title_55":"","title_56":"","title_57":"","title_58":"","title_59":"","title_60":"","title_61":"","title_62":"","title_63":"","title_64":"","title_65":"","title_66":"","title_67":"","title_68":"","title_69":"","title_70":"","title_71":"","title_72":"","title_73":"","title_74":"","title_75":"","title_76":"","title_77":"","title_78":"","title_79":"","title_80":"","title_81":"","title_82":"","title_83":"","title_84":"","title_85":"","title_86":"","title_87":"","title_88":"","title_89":"","title_90":"","title_91":"","title_92":"","title_93":"","title_94":"","title_95":"","title_96":"","title_97":"","title_98":"","title_99":"","title_100":""}},"ce9265c2-c6ed-4b15-8b57-21fffa10746e":{"type":"product-modal-instructions","settings":{"step_1_info":"<p>Click to add the category that matches your family member.<\/p>","step_2_info":"<p>Choose the drop down options that fit what you are looking for. Don't forget to select your favorite print!<\/p>","step_3_info":"<p>Only one family member may be added at a time. Once you have selected all options, start again and add the remaining family members.<\/p>"}},"19a629f1-a267-4410-b721-0d5d26c6d3c7":{"type":"product-bundler","settings":{}}},"order":["main","sub","product-recommendations","recently-viewed","collection-return","76c1fc9f-cc41-4e51-86a8-55206b5fe967","12f67be5-7e92-4c83-9d0f-5182b1d3ddf9","ce9265c2-c6ed-4b15-8b57-21fffa10746e","19a629f1-a267-4410-b721-0d5d26c6d3c7"]}