{"type":"footer","name":"t:sections.footer-group.name","sections":{"a4e4f2dd-1d37-49cd-a4c6-08405e9403a2":{"type":"contact-bar","settings":{"bg_color":"#ffe8d6","top_border":true,"bottom_border":true,"padding_top":30,"padding_bottom":30,"padding_right":30,"padding_left":30,"title_font":"cabin_n7","title_font_spacing":1.4,"title_font_base_size":16,"title_font_line_height":16,"title_font_transform":"uppercase","subtitle_font":"cabin_n4","subtitle_font_spacing":1.4,"subtitle_font_base_size":14,"subtitle_font_line_height":16,"subtitle_font_transform":"none","phone_icon":"shopify:\/\/shop_images\/icon-phone.png","phone_title_line_1":"Have Questions?","phone_title_line_2":"Call Us at (<a href=\"tel:18445383738\">1-844-538-3738<\/a>)","phone_subtitle_line_1":"Monday - Thursday 9am - 4.30pm EST","phone_subtitle_line_2":"","email_icon":"shopify:\/\/shop_images\/icon-email.png","email_title_line_1":"Email Us Anytime","email_title_line_2":"&nbsp;","email_subtitle_line_1":"<a href=\"mailto:contact@leveret.com\">contact@leveret.com<\/a>","email_subtitle_line_2":""}},"footer-promotions":{"type":"footer-promotions","blocks":{"footer-promotions-0":{"type":"promotion","settings":{"enable_image":false,"image_mask":"none","title":"30-day returns","text":"<p>All items are eligible for returns within 30 days of purchase, excluding Final Sale items, Please see the full return policy for more details.<\/p>","button_label":"See Return Policy","button_link":"shopify:\/\/pages\/exchanges-returns"}},"footer-promotions-1":{"type":"promotion","settings":{"enable_image":false,"image_mask":"none","title":"FAQ","text":"<p>Check our FAQ page to get your questions answered about shipping, returns and order placement.<\/p>","button_label":"See FAQ page","button_link":"shopify:\/\/pages\/faq"}},"footer-promotions-2":{"type":"promotion","settings":{"enable_image":false,"image_mask":"none","title":"Size Chart","text":"<p>We have extensive size charts for every member of your family.<\/p>","button_label":"Size Charts","button_link":"shopify:\/\/pages\/size-charts"}}},"block_order":["footer-promotions-0","footer-promotions-1","footer-promotions-2"],"settings":{"hide_homepage":false,"image_size":"wide"}},"footer":{"type":"footer","blocks":{"8f593e41-fa13-4ff7-af35-1e5220368c1a":{"type":"menu","settings":{"show_footer_title":true,"menu":"shop","container_width":16}},"1494301487049":{"type":"menu","settings":{"show_footer_title":true,"menu":"footer","container_width":16}},"ecc3ee54-1a45-4a7f-aaaf-7e00077db0af":{"type":"menu","settings":{"show_footer_title":true,"menu":"your-order","container_width":17}},"5cee899b-1872-455c-aae6-94c9be6e9904":{"type":"custom","settings":{"show_footer_title":false,"title":"","text":"","container_width":15}},"1494292487693":{"type":"newsletter","settings":{"show_footer_title":true,"title":"Sign up and save","text":"<p>Get 15% off your order by subscribing to our newsletter<\/p>","container_width":35}},"1494301487048":{"type":"logo_social","settings":{"desktop_logo_height":50,"container_width":95}}},"block_order":["8f593e41-fa13-4ff7-af35-1e5220368c1a","1494301487049","ecc3ee54-1a45-4a7f-aaaf-7e00077db0af","5cee899b-1872-455c-aae6-94c9be6e9904","1494292487693","1494301487048"],"settings":{"show_locale_selector":true,"show_currency_selector":true,"show_currency_flags":true,"show_payment_icons":false,"show_copyright":false,"copyright_text":""}}},"order":["a4e4f2dd-1d37-49cd-a4c6-08405e9403a2","footer-promotions","footer"]}