{"type":"header","name":"t:sections.header-group.name","sections":{"announcement":{"type":"announcement","blocks":{"2ae33165-9c33-4a04-be5e-fd193ebc2089":{"type":"announcement","settings":{"text":"FREE SHIPPING OVER $70","link_text":"","link":"shopify:\/\/collections\/all"}},"0302bd66-171b-49c9-91a9-d6bf40f9f663":{"type":"announcement","disabled":true,"settings":{"text":"$20 gift card with every $100 purchase","link_text":"FREE SHIPPING OVER $70","link":"shopify:\/\/pages\/gift-card-page"}},"cd0a7f55-a997-4ac7-ae87-d6a791fd0100":{"type":"announcement","settings":{"text":"Dog and Me: Buy one adult cotton pajama, Get a dog pajama 50% off","link_text":"promocode: LOVEMYDOG","link":"shopify:\/\/collections\/adult-cotton-pajamas"}}},"block_order":["2ae33165-9c33-4a04-be5e-fd193ebc2089","0302bd66-171b-49c9-91a9-d6bf40f9f663","cd0a7f55-a997-4ac7-ae87-d6a791fd0100"],"settings":{"announcement_compact":true}},"header":{"type":"header","blocks":{"1524770014057":{"type":"logo","settings":{"logo":"shopify:\/\/shop_images\/Leveret_SVG_Logo.svg","desktop_logo_width":170,"mobile_logo_width":150}},"fc1efbe5-25dc-4ab8-b9ca-3232348a3440":{"type":"logo-sticky","settings":{"logo_sticky":"shopify:\/\/shop_images\/logo_sticky_200x_f14c7d15-9ced-46cb-803a-b9f0972734d8.png","desktop_logo_sticky_width":100,"mobile_logo_sticky_width":140,"desktop_img_sticky_height":54,"desktop_img_sticky_width":36}},"c6986a9a-73cc-4c80-8f5a-576c1b71d0e5":{"type":"mm_featured_product","settings":{"assigned_category":"Featured","title":"Featured","featured_product":"kids-matchingfamily-bunnyprint-blue-pajamas","show_override_image":true,"featured_image_override":"shopify:\/\/shop_images\/LVT_4579menu.jpg"}},"04c5f8c5-ef10-417a-be4a-4a0a26250944":{"type":"mm_featured_product","settings":{"assigned_category":"Featured","title":"Featured","featured_product":"mens-matchingfamily-bunnyprint-blue-pajamas","show_override_image":true,"featured_image_override":"shopify:\/\/shop_images\/LVT_4647menu.jpg"}},"c8740ef5-1949-4a20-b870-f5719a98c543":{"type":"mm_featured_product","settings":{"assigned_category":"baby","title":"Featured","featured_product":"kids-matchingfamily-footed-bunnyprint-beige-pajamas","show_override_image":true,"featured_image_override":"shopify:\/\/shop_images\/LVT_4375menu.jpg"}},"ad99a368-af1a-40ff-8431-dc0fa48a69f1":{"type":"mm_featured_product","settings":{"assigned_category":"GIRLS","title":"Featured","featured_product":"girlanddoll-matchingfamily-bunnyprint-hotpink-pajamas","show_override_image":true,"featured_image_override":"shopify:\/\/shop_images\/DSC_3918menu.jpg"}},"b2e66755-659e-4eb3-b20e-cf8cd6dadae3":{"type":"mm_featured_product","settings":{"assigned_category":"Boys","title":"Featured","featured_product":"kids-matchingfamily-bunnyprint-beige-pajamas","show_override_image":true,"featured_image_override":"shopify:\/\/shop_images\/LVT_4422menu.jpg"}},"a9fb43f8-355b-4ee8-955e-cf20bdcedc58":{"type":"mm_featured_product","settings":{"assigned_category":"ADULTS","title":"Featured","featured_product":"womens-matchingfamily-loosefit-bunnyprint-beige-pajamas","show_override_image":true,"featured_image_override":"shopify:\/\/shop_images\/LVT_4408menu.jpg"}},"6dcbb864-7c4d-4ae6-80f1-c067be893bc9":{"type":"mm_featured_product","settings":{"assigned_category":"Dog","title":"Featured","featured_product":"dog-matchingfamily-bunnyprint-beige-pajamas","show_override_image":true,"featured_image_override":"shopify:\/\/shop_images\/Dog-Rabbit_2web_5cda8881-bce1-4fe0-8ed7-dfd24c047c68.jpg"}},"9a245b76-c2a4-4245-a198-1c3f667c3975":{"type":"mm_featured_product","disabled":true,"settings":{"assigned_category":"Dog","title":"Featured","featured_product":"bigdog-printed-animal-puppy-cotton-pajamas","show_override_image":false}},"0ef202b6-5f65-47ae-bc32-e1036be61f6f":{"type":"mm_featured_product","settings":{"assigned_category":"Matching Family Sets","title":"Featured","featured_product":"bunnyrabbit-matchingfamily-pajamaset","show_override_image":true,"featured_image_override":"shopify:\/\/shop_images\/LVT_4349crop_5920bfcd-c8e0-4954-bec0-c02f9af46ca3.jpg"}},"ef458da0-5112-44cb-aaf4-ba58410432fc":{"type":"mm_featured_product","settings":{"assigned_category":"Clearance","title":"Featured","featured_product":"kids-clearance-twopiece-vehicle-pajamas","show_override_image":true,"featured_image_override":"shopify:\/\/shop_images\/PJ-Car_4menu.jpg"}},"4fce9b6e-4a42-432e-9d97-7a851a862bf9":{"type":"mm_featured_product","disabled":true,"settings":{"assigned_category":"Dog","title":"Featured","featured_product":"dog-cotton-food-print-pajamas","show_override_image":false}}},"block_order":["1524770014057","fc1efbe5-25dc-4ab8-b9ca-3232348a3440","c6986a9a-73cc-4c80-8f5a-576c1b71d0e5","04c5f8c5-ef10-417a-be4a-4a0a26250944","c8740ef5-1949-4a20-b870-f5719a98c543","ad99a368-af1a-40ff-8431-dc0fa48a69f1","b2e66755-659e-4eb3-b20e-cf8cd6dadae3","a9fb43f8-355b-4ee8-955e-cf20bdcedc58","6dcbb864-7c4d-4ae6-80f1-c067be893bc9","9a245b76-c2a4-4245-a198-1c3f667c3975","0ef202b6-5f65-47ae-bc32-e1036be61f6f","ef458da0-5112-44cb-aaf4-ba58410432fc","4fce9b6e-4a42-432e-9d97-7a851a862bf9"],"settings":{"main_menu_link_list":"main-menu","mega_menu_images":true,"main_menu_alignment":"center","header_style":"sticky","sticky_index":false,"sticky_collection":false,"link_color_label":"CLEARANCE","custom_link_color":"#a52315","menu_item_highlight":"MATCHING FAMILY SETS","highlight_background":"#ebe4dd","highlight_color":"#666666","toolbar_menu":"","toolbar_social":false,"show_locale_selector":false,"show_currency_selector":false,"show_currency_flags":true,"search_in_navigation":true}}},"order":["announcement","header"]}